index_number,x1,x2,x3,x4,y
41684,-0.033333,0.8,1.4,0.6,0.66680648
41685,0.033333,0.8,1.4,0.6,0.617760449
41686,0.1,0.8,1.4,0.6,0.570136137
41687,0.16667,0.8,1.4,0.6,0.523397744
41688,0.23333,0.8,1.4,0.6,0.477811676
41689,0.3,0.8,1.4,0.6,0.433349037
41690,0.36667,0.8,1.4,0.6,0.388255607
41691,0.43333,0.8,1.4,0.6,0.342556813
41692,0.5,0.8,1.4,0.6,0.296470679
41693,0.56667,0.8,1.4,0.6,0.24862154
41694,0.63333,0.8,1.4,0.6,0.200112234
41695,0.7,0.8,1.4,0.6,0.149687058
41696,0.76667,0.8,1.4,0.6,0.097960396
41697,0.83333,0.8,1.4,0.6,0.045630067
41698,0.9,0.8,1.4,0.6,-0.00516709
41715,-0.033333,0.8,1.6,0.6,0.665472683
41716,0.033333,0.8,1.6,0.6,0.616455643
41717,0.1,0.8,1.6,0.6,0.568819992
41718,0.16667,0.8,1.6,0.6,0.521955685
41719,0.23333,0.8,1.6,0.6,0.47607855
41720,0.3,0.8,1.6,0.6,0.43121566
41721,0.36667,0.8,1.6,0.6,0.38568665
41722,0.43333,0.8,1.6,0.6,0.339591612
41723,0.5,0.8,1.6,0.6,0.293186272
41724,0.56667,0.8,1.6,0.6,0.245091186
41725,0.63333,0.8,1.6,0.6,0.196406228
41726,0.7,0.8,1.6,0.6,0.145859207
41727,0.76667,0.8,1.6,0.6,0.094056392
41728,0.83333,0.8,1.6,0.6,0.041687052
41729,0.9,0.8,1.6,0.6,-0.00912037
41746,-0.033333,0.8,1.8,0.6,0.664288294
41747,0.033333,0.8,1.8,0.6,0.615242443
41748,0.1,0.8,1.8,0.6,0.567531277
41749,0.16667,0.8,1.8,0.6,0.52048371
41750,0.23333,0.8,1.8,0.6,0.474287694
41751,0.3,0.8,1.8,0.6,0.429022704
41752,0.36667,0.8,1.8,0.6,0.383064427
41753,0.43333,0.8,1.8,0.6,0.336573385
41754,0.5,0.8,1.8,0.6,0.289839251
41755,0.56667,0.8,1.8,0.6,0.241481382
41756,0.63333,0.8,1.8,0.6,0.192600732
41757,0.7,0.8,1.8,0.6,0.141910554
41758,0.76667,0.8,1.8,0.6,0.090010433
41759,0.83333,0.8,1.8,0.6,0.037582024
41760,0.9,0.8,1.8,0.6,-0.01325353
41777,-0.033333,0.8,2.0,0.6,0.663244027
41778,0.033333,0.8,2.0,0.6,0.61412031
41779,0.1,0.8,2.0,0.6,0.566281238
41780,0.16667,0.8,2.0,0.6,0.519006708
41781,0.23333,0.8,2.0,0.6,0.472472011
41782,0.3,0.8,2.0,0.6,0.426804404
41783,0.36667,0.8,2.0,0.6,0.380422644
41784,0.43333,0.8,2.0,0.6,0.333537121
41785,0.5,0.8,2.0,0.6,0.286467751
41786,0.56667,0.8,2.0,0.6,0.237833839
41787,0.63333,0.8,2.0,0.6,0.188740493
41788,0.7,0.8,2.0,0.6,0.137888174
41789,0.76667,0.8,2.0,0.6,0.085871299
41790,0.83333,0.8,2.0,0.6,0.03336488
41791,0.9,0.8,2.0,0.6,-0.017516102
42025,-0.033333,0.8,1.4,0.65,0.639963016
42026,0.033333,0.8,1.4,0.65,0.593417069
42027,0.1,0.8,1.4,0.65,0.548296549
42028,0.16667,0.8,1.4,0.65,0.504084329
42029,0.23333,0.8,1.4,0.65,0.46096793
42030,0.3,0.8,1.4,0.65,0.418859357
42031,0.36667,0.8,1.4,0.65,0.376075398
42032,0.43333,0.8,1.4,0.65,0.332656874
42033,0.5,0.8,1.4,0.65,0.288848632
42034,0.56667,0.8,1.4,0.65,0.24337599
42035,0.63333,0.8,1.4,0.65,0.197306246
42036,0.7,0.8,1.4,0.65,0.149454339
42037,0.76667,0.8,1.4,0.65,0.100404307
42038,0.83333,0.8,1.4,0.65,0.050814144
42039,0.9,0.8,1.4,0.65,0.002702068
42056,-0.033333,0.8,1.6,0.65,0.638764329
42057,0.033333,0.8,1.6,0.65,0.592248957
42058,0.1,0.8,1.6,0.65,0.547112278
42059,0.16667,0.8,1.6,0.65,0.50276338
42060,0.23333,0.8,1.6,0.65,0.459348651
42061,0.3,0.8,1.6,0.65,0.416845629
42062,0.36667,0.8,1.6,0.65,0.37364468
42063,0.43333,0.8,1.6,0.65,0.329852402
42064,0.5,0.8,1.6,0.65,0.28574167
42065,0.56667,0.8,1.6,0.65,0.240030354
42066,0.63333,0.8,1.6,0.65,0.193783139
42067,0.7,0.8,1.6,0.65,0.145801027
42068,0.76667,0.8,1.6,0.65,0.096662509
42069,0.83333,0.8,1.6,0.65,0.047019163
42070,0.9,0.8,1.6,0.65,-0.001117321
42087,-0.033333,0.8,1.8,0.65,0.63770349
42088,0.033333,0.8,1.8,0.65,0.591163588
42089,0.1,0.8,1.8,0.65,0.54594999
42090,0.16667,0.8,1.8,0.65,0.501411895
42091,0.23333,0.8,1.8,0.65,0.457675814
42092,0.3,0.8,1.8,0.65,0.414778265
42093,0.36667,0.8,1.8,0.65,0.371165421
42094,0.43333,0.8,1.8,0.65,0.326997959
42095,0.5,0.8,1.8,0.65,0.282575288
42096,0.56667,0.8,1.8,0.65,0.236610387
42097,0.63333,0.8,1.8,0.65,0.190168398
42098,0.7,0.8,1.8,0.65,0.142037491
42099,0.76667,0.8,1.8,0.65,0.092791552
42100,0.83333,0.8,1.8,0.65,0.043076543
42101,0.9,0.8,1.8,0.65,-0.005101235
42118,-0.033333,0.8,2.0,0.65,0.636771765
42119,0.033333,0.8,2.0,0.65,0.590160286
42120,0.1,0.8,2.0,0.65,0.544820253
42121,0.16667,0.8,2.0,0.65,0.500053286
42122,0.23333,0.8,2.0,0.65,0.455979877
42123,0.3,0.8,2.0,0.65,0.412688853
42124,0.36667,0.8,2.0,0.65,0.368669314
42125,0.43333,0.8,2.0,0.65,0.324127124
42126,0.5,0.8,2.0,0.65,0.279386051
42127,0.56667,0.8,2.0,0.65,0.233155762
42128,0.63333,0.8,2.0,0.65,0.186504374
42129,0.7,0.8,2.0,0.65,0.138208255
42130,0.76667,0.8,2.0,0.65,0.08883775
42131,0.83333,0.8,2.0,0.65,0.039033959
42132,0.9,0.8,2.0,0.65,-0.009201131
42366,-0.033333,0.8,1.4,0.7,0.61398999
42367,0.033333,0.8,1.4,0.7,0.569872281
42368,0.1,0.8,1.4,0.7,0.527179854
42369,0.16667,0.8,1.4,0.7,0.485413272
42370,0.23333,0.8,1.4,0.7,0.444680274
42371,0.3,0.8,1.4,0.7,0.404838905
42372,0.36667,0.8,1.4,0.7,0.36427984
42373,0.43333,0.8,1.4,0.7,0.323062873
42374,0.5,0.8,1.4,0.7,0.281457679
42375,0.56667,0.8,1.4,0.7,0.238282864
42376,0.63333,0.8,1.4,0.7,0.194567311
42377,0.7,0.8,1.4,0.7,0.149192328
42378,0.76667,0.8,1.4,0.7,0.102712478
42379,0.83333,0.8,1.4,0.7,0.055748467
42380,0.9,0.8,1.4,0.7,0.010206276
42397,-0.033333,0.8,1.6,0.7,0.612911074
42398,0.033333,0.8,1.6,0.7,0.568824402
42399,0.1,0.8,1.6,0.7,0.526111298
42400,0.16667,0.8,1.6,0.7,0.484198698
42401,0.23333,0.8,1.6,0.7,0.443163237
42402,0.3,0.8,1.6,0.7,0.402937071
42403,0.36667,0.8,1.6,0.7,0.361982472
42404,0.43333,0.8,1.6,0.7,0.320415204
42405,0.5,0.8,1.6,0.7,0.27852436
42406,0.56667,0.8,1.6,0.7,0.235118704
42407,0.63333,0.8,1.6,0.7,0.191225451
42408,0.7,0.8,1.6,0.7,0.14571428
42409,0.76667,0.8,1.6,0.7,0.099136317
42410,0.83333,0.8,1.6,0.7,0.052107523
42411,0.9,0.8,1.6,0.7,0.00652892
42428,-0.033333,0.8,1.8,0.7,0.611959975
42429,0.033333,0.8,1.8,0.7,0.567851953
42430,0.1,0.8,1.8,0.7,0.525060731
42431,0.16667,0.8,1.8,0.7,0.482954221
42432,0.23333,0.8,1.8,0.7,0.441597536
42433,0.3,0.8,1.8,0.7,0.400987484
42434,0.36667,0.8,1.8,0.7,0.359640851
42435,0.43333,0.8,1.8,0.7,0.317720454
42436,0.5,0.8,1.8,0.7,0.275534887
42437,0.56667,0.8,1.8,0.7,0.231885398
42438,0.63333,0.8,1.8,0.7,0.187799636
42439,0.7,0.8,1.8,0.7,0.142136119
42440,0.76667,0.8,1.8,0.7,0.095443091
42441,0.83333,0.8,1.8,0.7,0.04833254
42442,0.9,0.8,1.8,0.7,0.002701661
42459,-0.033333,0.8,2.0,0.7,0.611128251
42460,0.033333,0.8,2.0,0.7,0.566954039
42461,0.1,0.8,2.0,0.7,0.524038009
42462,0.16667,0.8,2.0,0.7,0.48170175
42463,0.23333,0.8,2.0,0.7,0.440011172
42464,0.3,0.8,2.0,0.7,0.39901932
42465,0.36667,0.8,2.0,0.7,0.357284922
42466,0.43333,0.8,2.0,0.7,0.315010752
42467,0.5,0.8,2.0,0.7,0.272524206
42468,0.56667,0.8,2.0,0.7,0.228620608
42469,0.63333,0.8,2.0,0.7,0.184329875
42470,0.7,0.8,2.0,0.7,0.138499895
42471,0.76667,0.8,2.0,0.7,0.091676752
42472,0.83333,0.8,2.0,0.7,0.044469016
42473,0.9,0.8,2.0,0.7,-0.001228893
42707,-0.033333,0.8,1.4,0.75,0.588956424
42708,0.033333,0.8,1.4,0.75,0.547186545
42709,0.1,0.8,1.4,0.75,0.506839136
42710,0.16667,0.8,1.4,0.75,0.467431591
42711,0.23333,0.8,1.4,0.75,0.42899034
42712,0.3,0.8,1.4,0.75,0.391323363
42713,0.36667,0.8,1.4,0.75,0.352897967
42714,0.43333,0.8,1.4,0.75,0.31379682
42715,0.5,0.8,1.4,0.75,0.274312293
42716,0.56667,0.8,1.4,0.75,0.233348504
42717,0.63333,0.8,1.4,0.75,0.191894097
42718,0.7,0.8,1.4,0.75,0.148892611
42719,0.76667,0.8,1.4,0.75,0.104870434
42720,0.83333,0.8,1.4,0.75,0.06041343
42721,0.9,0.8,1.4,0.75,0.017321649
42738,-0.033333,0.8,1.6,0.75,0.587980455
42739,0.033333,0.8,1.6,0.75,0.546241521
42740,0.1,0.8,1.6,0.75,0.505869797
42741,0.16667,0.8,1.6,0.75,0.466308813
42742,0.23333,0.8,1.6,0.75,0.427564464
42743,0.3,0.8,1.6,0.75,0.389526198
42744,0.36667,0.8,1.6,0.75,0.350729183
42745,0.43333,0.8,1.6,0.75,0.311301598
42746,0.5,0.8,1.6,0.75,0.271547874
42747,0.56667,0.8,1.6,0.75,0.230361344
42748,0.63333,0.8,1.6,0.75,0.188730278
42749,0.7,0.8,1.6,0.75,0.145588714
42750,0.76667,0.8,1.6,0.75,0.101461164
42751,0.83333,0.8,1.6,0.75,0.056930095
42752,0.9,0.8,1.6,0.75,0.013791889
42769,-0.033333,0.8,1.8,0.75,0.587123528
42770,0.033333,0.8,1.8,0.75,0.545365994
42771,0.1,0.8,1.8,0.75,0.504915743
42772,0.16667,0.8,1.8,0.75,0.465157804
42773,0.23333,0.8,1.8,0.75,0.426095162
42774,0.3,0.8,1.8,0.75,0.387686807
42775,0.36667,0.8,1.8,0.75,0.348519853
42776,0.43333,0.8,1.8,0.75,0.308761884
42777,0.5,0.8,1.8,0.75,0.268730593
42778,0.56667,0.8,1.8,0.75,0.227310223
42779,0.63333,0.8,1.8,0.75,0.185489912
42780,0.7,0.8,1.8,0.75,0.142194172
42781,0.76667,0.8,1.8,0.75,0.097946078
42782,0.83333,0.8,1.8,0.75,0.05332537
42783,0.9,0.8,1.8,0.75,0.010125911
42800,-0.033333,0.8,2.0,0.75,0.586377484
42801,0.033333,0.8,2.0,0.75,0.544558749
42802,0.1,0.8,2.0,0.75,0.50398599
42803,0.16667,0.8,2.0,0.75,0.463998875
42804,0.23333,0.8,2.0,0.75,0.4246081
42805,0.3,0.8,2.0,0.75,0.385832146
42806,0.36667,0.8,2.0,0.75,0.346298312
42807,0.43333,0.8,2.0,0.75,0.30620843
42808,0.5,0.8,2.0,0.75,0.265893752
42809,0.56667,0.8,2.0,0.75,0.224230796
42810,0.63333,0.8,2.0,0.75,0.18221074
42811,0.7,0.8,2.0,0.75,0.138748751
42812,0.76667,0.8,2.0,0.75,0.094366887
42813,0.83333,0.8,2.0,0.75,0.049642664
42814,0.9,0.8,2.0,0.75,0.006368413
43048,-0.033333,0.8,1.4,0.8,0.564963984
43049,0.033333,0.8,1.4,0.8,0.525449888
43050,0.1,0.8,1.4,0.8,0.487353984
43051,0.16667,0.8,1.4,0.8,0.450209408
43052,0.23333,0.8,1.4,0.8,0.413958912
43053,0.3,0.8,1.4,0.8,0.378363696
43054,0.36667,0.8,1.4,0.8,0.341971216
43055,0.43333,0.8,1.4,0.8,0.30489104
43056,0.5,0.8,1.4,0.8,0.267435328
43057,0.56667,0.8,1.4,0.8,0.22858584
43058,0.63333,0.8,1.4,0.8,0.189289824
43059,0.7,0.8,1.4,0.8,0.148549349
43060,0.76667,0.8,1.4,0.8,0.106863978
43061,0.83333,0.8,1.4,0.8,0.064787218
43062,0.9,0.8,1.4,0.8,0.024019547
43079,-0.033333,0.8,1.6,0.8,0.564073984
43080,0.033333,0.8,1.6,0.8,0.524590672
43081,0.1,0.8,1.6,0.8,0.486468112
43082,0.16667,0.8,1.6,0.8,0.449164896
43083,0.23333,0.8,1.6,0.8,0.412614224
43084,0.3,0.8,1.6,0.8,0.37666488
43085,0.36667,0.8,1.6,0.8,0.339926432
43086,0.43333,0.8,1.6,0.8,0.302543216
43087,0.5,0.8,1.6,0.8,0.264833952
43088,0.56667,0.8,1.6,0.8,0.225769856
43089,0.63333,0.8,1.6,0.8,0.186299328
43090,0.7,0.8,1.6,0.8,0.145416662
43091,0.76667,0.8,1.6,0.8,0.103620752
43092,0.83333,0.8,1.6,0.8,0.06146271
43093,0.9,0.8,1.6,0.8,0.020640421
43110,-0.033333,0.8,1.8,0.8,0.563295376
43111,0.033333,0.8,1.8,0.8,0.52379616
43112,0.1,0.8,1.8,0.8,0.48559584
43113,0.16667,0.8,1.8,0.8,0.448094528
43114,0.23333,0.8,1.8,0.8,0.411231392
43115,0.3,0.8,1.8,0.8,0.374928704
43116,0.36667,0.8,1.8,0.8,0.337844112
43117,0.43333,0.8,1.8,0.8,0.30015328
43118,0.5,0.8,1.8,0.8,0.262183072
43119,0.56667,0.8,1.8,0.8,0.22289504
43120,0.63333,0.8,1.8,0.8,0.183239312
43121,0.7,0.8,1.8,0.8,0.142202106
43122,0.76667,0.8,1.8,0.8,0.100282027
43123,0.83333,0.8,1.8,0.8,0.058028427
43124,0.9,0.8,1.8,0.8,0.017137718
43141,-0.033333,0.8,2.0,0.8,0.562620224
43142,0.033333,0.8,2.0,0.8,0.523064848
43143,0.1,0.8,2.0,0.8,0.484745344
43144,0.16667,0.8,2.0,0.8,0.44701704
43145,0.23333,0.8,2.0,0.8,0.409833856
43146,0.3,0.8,2.0,0.8,0.373180176
43147,0.36667,0.8,2.0,0.8,0.335751184
43148,0.43333,0.8,2.0,0.8,0.297750608
43149,0.5,0.8,2.0,0.8,0.259514224
43150,0.56667,0.8,2.0,0.8,0.219995008
43151,0.63333,0.8,2.0,0.8,0.180145312
43152,0.7,0.8,2.0,0.8,0.13894327
43153,0.76667,0.8,2.0,0.8,0.0968874
43154,0.83333,0.8,2.0,0.8,0.05452577
43155,0.9,0.8,2.0,0.8,0.013554256
43389,-0.033333,0.8,1.4,0.85,0.542027998
43390,0.033333,0.8,1.4,0.85,0.504674152
43391,0.1,0.8,1.4,0.85,0.468733838
43392,0.16667,0.8,1.4,0.85,0.433754254
43393,0.23333,0.8,1.4,0.85,0.399590803
43394,0.3,0.8,1.4,0.85,0.365961581
43395,0.36667,0.8,1.4,0.85,0.331499499
43396,0.43333,0.8,1.4,0.85,0.296344292
43397,0.5,0.8,1.4,0.85,0.260824105
43398,0.56667,0.8,1.4,0.85,0.223990548
43399,0.63333,0.8,1.4,0.85,0.186749069
43400,0.7,0.8,1.4,0.85,0.148156779
43401,0.76667,0.8,1.4,0.85,0.108687951
43402,0.83333,0.8,1.4,0.85,0.068866031
43403,0.9,0.8,1.4,0.85,0.030298008
43420,-0.033333,0.8,1.6,0.85,0.541208177
43421,0.033333,0.8,1.6,0.85,0.503885134
43422,0.1,0.8,1.6,0.85,0.467917263
43423,0.16667,0.8,1.6,0.85,0.432776099
43424,0.23333,0.8,1.6,0.85,0.398318912
43425,0.3,0.8,1.6,0.85,0.364355971
43426,0.36667,0.8,1.6,0.85,0.329574314
43427,0.43333,0.8,1.6,0.85,0.294138309
43428,0.5,0.8,1.6,0.85,0.258379159
43429,0.56667,0.8,1.6,0.85,0.221339108
43430,0.63333,0.8,1.6,0.85,0.183926222
43431,0.7,0.8,1.6,0.85,0.145191184
43432,0.76667,0.8,1.6,0.85,0.105608456
43433,0.83333,0.8,1.6,0.85,0.06569983
43434,0.9,0.8,1.6,0.85,0.027070598
43451,-0.033333,0.8,1.8,0.85,0.540493022
43452,0.033333,0.8,1.8,0.85,0.503157025
43453,0.1,0.8,1.8,0.85,0.467113421
43454,0.16667,0.8,1.8,0.85,0.431774977
43455,0.23333,0.8,1.8,0.85,0.397013974
43456,0.3,0.8,1.8,0.85,0.36271711
43457,0.36667,0.8,1.8,0.85,0.327614093
43458,0.43333,0.8,1.8,0.85,0.29189258
43459,0.5,0.8,1.8,0.85,0.255888143
43460,0.56667,0.8,1.8,0.85,0.218633846
43461,0.63333,0.8,1.8,0.85,0.181040408
43462,0.7,0.8,1.8,0.85,0.14215175
43463,0.76667,0.8,1.8,0.85,0.102442842
43464,0.83333,0.8,1.8,0.85,0.062434446
43465,0.9,0.8,1.8,0.85,0.02373122
43482,-0.033333,0.8,2.0,0.85,0.539874866
43483,0.033333,0.8,2.0,0.85,0.50248799
43484,0.1,0.8,2.0,0.85,0.46632969
43485,0.16667,0.8,2.0,0.85,0.430768058
43486,0.23333,0.8,2.0,0.85,0.39569734
43487,0.3,0.8,2.0,0.85,0.361068304
43488,0.36667,0.8,2.0,0.85,0.325644403
43489,0.43333,0.8,2.0,0.85,0.289634951
43490,0.5,0.8,2.0,0.85,0.253380824
43491,0.56667,0.8,2.0,0.85,0.215906383
43492,0.63333,0.8,2.0,0.85,0.178125134
43493,0.7,0.8,2.0,0.85,0.139074038
43494,0.76667,0.8,2.0,0.85,0.099228714
43495,0.83333,0.8,2.0,0.85,0.059109345
43496,0.9,0.8,2.0,0.85,0.020320835
43730,-0.033333,0.8,1.4,0.9,0.520148879
43731,0.033333,0.8,1.4,0.9,0.484857907
43732,0.1,0.8,1.4,0.9,0.450976348
43733,0.16667,0.8,1.4,0.9,0.418062893
43734,0.23333,0.8,1.4,0.9,0.385880371
43735,0.3,0.8,1.4,0.9,0.354109459
43736,0.36667,0.8,1.4,0.9,0.321475619
43737,0.43333,0.8,1.4,0.9,0.288150392
43738,0.5,0.8,1.4,0.9,0.254472829
43739,0.56667,0.8,1.4,0.9,0.219557034
43740,0.63333,0.8,1.4,0.9,0.184266997
43741,0.7,0.8,1.4,0.9,0.147711662
43742,0.76667,0.8,1.4,0.9,0.110341548
43743,0.83333,0.8,1.4,0.9,0.07265217
43744,0.9,0.8,1.4,0.9,0.036162758
43761,-0.033333,0.8,1.6,0.9,0.519385654
43762,0.033333,0.8,1.6,0.9,0.484125767
43763,0.1,0.8,1.6,0.9,0.450217172
43764,0.16667,0.8,1.6,0.9,0.417141283
43765,0.23333,0.8,1.6,0.9,0.384674899
43766,0.3,0.8,1.6,0.9,0.352593232
43767,0.36667,0.8,1.6,0.9,0.319665917
43768,0.43333,0.8,1.6,0.9,0.286080389
43769,0.5,0.8,1.6,0.9,0.252177338
43770,0.56667,0.8,1.6,0.9,0.217063199
43771,0.63333,0.8,1.6,0.9,0.181605706
43772,0.7,0.8,1.6,0.9,0.144908428
43773,0.76667,0.8,1.6,0.9,0.107422585
43774,0.83333,0.8,1.6,0.9,0.06964261
43775,0.9,0.8,1.6,0.9,0.033086793
43792,-0.033333,0.8,1.8,0.9,0.518721123
43793,0.033333,0.8,1.8,0.9,0.483451535
43794,0.1,0.8,1.8,0.9,0.449470507
43795,0.16667,0.8,1.8,0.9,0.416199964
43796,0.23333,0.8,1.8,0.9,0.383441076
43797,0.3,0.8,1.8,0.9,0.351047142
43798,0.36667,0.8,1.8,0.9,0.317823364
43799,0.43333,0.8,1.8,0.9,0.283973126
43800,0.5,0.8,1.8,0.9,0.249839294
43801,0.56667,0.8,1.8,0.9,0.214520349
43802,0.63333,0.8,1.8,0.9,0.178887513
43803,0.7,0.8,1.8,0.9,0.142038643
43804,0.76667,0.8,1.8,0.9,0.104425998
43805,0.83333,0.8,1.8,0.9,0.066543506
43806,0.9,0.8,1.8,0.9,0.029909506
43823,-0.033333,0.8,2.0,0.9,0.518147943
43824,0.033333,0.8,2.0,0.9,0.482833102
43825,0.1,0.8,2.0,0.9,0.448742957
43826,0.16667,0.8,2.0,0.9,0.415254523
43827,0.23333,0.8,2.0,0.9,0.38219838
43828,0.3,0.8,2.0,0.9,0.349492971
43829,0.36667,0.8,2.0,0.9,0.315972154
43830,0.43333,0.8,2.0,0.9,0.281854811
43831,0.5,0.8,2.0,0.9,0.247486725
43832,0.56667,0.8,2.0,0.9,0.21195824
43833,0.63333,0.8,2.0,0.9,0.176144039
43834,0.7,0.8,2.0,0.9,0.139135972
43835,0.76667,0.8,2.0,0.9,0.101387495
43836,0.83333,0.8,2.0,0.9,0.063392444
43837,0.9,0.8,2.0,0.9,0.026670012
44071,-0.033333,0.8,1.4,0.95,0.499360916
44072,0.033333,0.8,1.4,0.95,0.466030591
44073,0.1,0.8,1.4,0.95,0.434106802
44074,0.16667,0.8,1.4,0.95,0.403155881
44075,0.23333,0.8,1.4,0.95,0.37284182
44076,0.3,0.8,1.4,0.95,0.342817386
44077,0.36667,0.8,1.4,0.95,0.311908379
44078,0.43333,0.8,1.4,0.95,0.280316721
44079,0.5,0.8,1.4,0.95,0.248386529
44080,0.56667,0.8,1.4,0.95,0.215287821
44081,0.63333,0.8,1.4,0.95,0.181844026
44082,0.7,0.8,1.4,0.95,0.147212989
44083,0.76667,0.8,1.4,0.95,0.111822987
44084,0.83333,0.8,1.4,0.95,0.07614358
44085,0.9,0.8,1.4,0.95,0.04161182
44102,-0.033333,0.8,1.6,0.95,0.49864296
44103,0.033333,0.8,1.6,0.95,0.465344271
44104,0.1,0.8,1.6,0.95,0.433395155
44105,0.16667,0.8,1.6,0.95,0.402282899
44106,0.23333,0.8,1.6,0.95,0.371698043
44107,0.3,0.8,1.6,0.95,0.341387422
44108,0.36667,0.8,1.6,0.95,0.310209576
44109,0.43333,0.8,1.6,0.95,0.278376078
44110,0.5,0.8,1.6,0.95,0.246232871
44111,0.56667,0.8,1.6,0.95,0.212944043
44112,0.63333,0.8,1.6,0.95,0.179337536
44113,0.7,0.8,1.6,0.95,0.144566494
44114,0.76667,0.8,1.6,0.95,0.10906023
44115,0.83333,0.8,1.6,0.95,0.073287652
44116,0.9,0.8,1.6,0.95,0.038685508
44133,-0.033333,0.8,1.8,0.95,0.498018412
44134,0.033333,0.8,1.8,0.95,0.46471349
44135,0.1,0.8,1.8,0.95,0.432696352
44136,0.16667,0.8,1.8,0.95,0.401393654
44137,0.23333,0.8,1.8,0.95,0.370530135
44138,0.3,0.8,1.8,0.95,0.339930344
44139,0.36667,0.8,1.8,0.95,0.308480011
44140,0.43333,0.8,1.8,0.95,0.276400798
44141,0.5,0.8,1.8,0.95,0.244040224
44142,0.56667,0.8,1.8,0.95,0.210555805
44143,0.63333,0.8,1.8,0.95,0.176779664
44144,0.7,0.8,1.8,0.95,0.141860008
44145,0.76667,0.8,1.8,0.95,0.10622749
44146,0.83333,0.8,1.8,0.95,0.070350899
44147,0.9,0.8,1.8,0.95,0.035667577
44164,-0.033333,0.8,2.0,0.95,0.497480296
44165,0.033333,0.8,2.0,0.95,0.464135949
44166,0.1,0.8,2.0,0.95,0.432016207
44167,0.16667,0.8,2.0,0.95,0.400502223
44168,0.23333,0.8,2.0,0.95,0.369355862
44169,0.3,0.8,2.0,0.95,0.338466578
44170,0.36667,0.8,2.0,0.95,0.306742504
44171,0.43333,0.8,2.0,0.95,0.274415523
44172,0.5,0.8,2.0,0.95,0.241834904
44173,0.56667,0.8,2.0,0.95,0.208151093
44174,0.63333,0.8,2.0,0.95,0.174200276
44175,0.7,0.8,2.0,0.95,0.139125411
44176,0.76667,0.8,2.0,0.95,0.103358668
44177,0.83333,0.8,2.0,0.95,0.067369086
44178,0.9,0.8,2.0,0.95,0.032595335
44412,-0.033333,0.8,1.4,1.0,0.4796695
44413,0.033333,0.8,1.4,1.0,0.44819568
44414,0.1,0.8,1.4,1.0,0.41812722
44415,0.16667,0.8,1.4,1.0,0.3890327
44416,0.23333,0.8,1.4,1.0,0.3604705
44417,0.3,0.8,1.4,1.0,0.33208042
44418,0.36667,0.8,1.4,1.0,0.30279494
44419,0.43333,0.8,1.4,1.0,0.2728414
44420,0.5,0.8,1.4,1.0,0.24256336
44421,0.56667,0.8,1.4,1.0,0.21118108
44422,0.63333,0.8,1.4,1.0,0.179478932
44423,0.7,0.8,1.4,1.0,0.146660894
44424,0.76667,0.8,1.4,1.0,0.113134414
44425,0.83333,0.8,1.4,1.0,0.079344916
44426,0.9,0.8,1.4,1.0,0.046652578
44443,-0.033333,0.8,1.6,1.0,0.4789879
44444,0.033333,0.8,1.6,1.0,0.44754638
44445,0.1,0.8,1.6,1.0,0.41745528
44446,0.16667,0.8,1.6,1.0,0.38820224
44447,0.23333,0.8,1.6,1.0,0.35938522
44448,0.3,0.8,1.6,1.0,0.33073384
44449,0.36667,0.8,1.6,1.0,0.30120186
44450,0.43333,0.8,1.6,1.0,0.271023
44451,0.5,0.8,1.6,1.0,0.24054362
44452,0.56667,0.8,1.6,1.0,0.20897958
44453,0.63333,0.8,1.6,1.0,0.177120126
44454,0.7,0.8,1.6,1.0,0.144164938
44455,0.76667,0.8,1.6,1.0,0.110522706
44456,0.83333,0.8,1.6,1.0,0.07663855
44457,0.9,0.8,1.6,1.0,0.04387289
44474,-0.033333,0.8,1.8,1.0,0.47839498
44475,0.033333,0.8,1.8,1.0,0.44695078
44476,0.1,0.8,1.8,1.0,0.41679688
44477,0.16667,0.8,1.8,1.0,0.387359
44478,0.23333,0.8,1.8,1.0,0.35827942
44479,0.3,0.8,1.8,1.0,0.32936252
44480,0.36667,0.8,1.8,1.0,0.29958026
44481,0.43333,0.8,1.8,1.0,0.26917272
44482,0.5,0.8,1.8,1.0,0.23848842
44483,0.56667,0.8,1.8,1.0,0.20673784
44484,0.63333,0.8,1.8,1.0,0.174714914
44485,0.7,0.8,1.8,1.0,0.14161486
44486,0.76667,0.8,1.8,1.0,0.107847886
44487,0.83333,0.8,1.8,1.0,0.07385926
44488,0.9,0.8,1.8,1.0,0.041010446
44505,-0.033333,0.8,2.0,1.0,0.47788416
44506,0.033333,0.8,2.0,1.0,0.44640644
44507,0.1,0.8,2.0,1.0,0.41615712
44508,0.16667,0.8,2.0,1.0,0.38651566
44509,0.23333,0.8,2.0,1.0,0.35716942
44510,0.3,0.8,2.0,1.0,0.32798556
44511,0.36667,0.8,2.0,1.0,0.29795146
44512,0.43333,0.8,2.0,1.0,0.26731368
44513,0.5,0.8,2.0,1.0,0.23642238
44514,0.56667,0.8,2.0,1.0,0.20448222
44515,0.63333,0.8,2.0,1.0,0.172291514
44516,0.7,0.8,2.0,1.0,0.139040854
44517,0.76667,0.8,2.0,1.0,0.105142104
44518,0.83333,0.8,2.0,1.0,0.071041016
44519,0.9,0.8,2.0,1.0,0.038100746
44753,-0.033333,0.8,1.4,1.1,0.443400675
44754,0.033333,0.8,1.4,1.1,0.415339823
44755,0.1,0.8,1.4,1.1,0.388687831
44756,0.16667,0.8,1.4,1.1,0.362992729
44757,0.23333,0.8,1.4,1.1,0.337587676
44758,0.3,0.8,1.4,1.1,0.312154748
44759,0.36667,0.8,1.4,1.1,0.285838168
44760,0.43333,0.8,1.4,1.1,0.258892893
44761,0.5,0.8,1.4,1.1,0.23164888
44762,0.56667,0.8,1.4,1.1,0.203414544
44763,0.63333,0.8,1.4,1.1,0.174901673
44764,0.7,0.8,1.4,1.1,0.145398607
44765,0.76667,0.8,1.4,1.1,0.115274886
44766,0.83333,0.8,1.4,1.1,0.084932304
44767,0.9,0.8,1.4,1.1,0.055591578
44784,-0.033333,0.8,1.6,1.1,0.442773543
44785,0.033333,0.8,1.6,1.1,0.414745933
44786,0.1,0.8,1.6,1.1,0.388078364
44787,0.16667,0.8,1.6,1.1,0.36223518
44788,0.23333,0.8,1.6,1.1,0.336613867
44789,0.3,0.8,1.6,1.1,0.310965229
44790,0.36667,0.8,1.6,1.1,0.284439274
44791,0.43333,0.8,1.6,1.1,0.257297231
44792,0.5,0.8,1.6,1.1,0.229873962
44793,0.56667,0.8,1.6,1.1,0.201474967
44794,0.63333,0.8,1.6,1.1,0.172816861
44795,0.7,0.8,1.6,1.1,0.143184281
44796,0.76667,0.8,1.6,1.1,0.112948172
44797,0.83333,0.8,1.6,1.1,0.08251053
44798,0.9,0.8,1.6,1.1,0.053093181
44815,-0.033333,0.8,1.8,1.1,0.442226754
44816,0.033333,0.8,1.8,1.1,0.41420306
44817,0.1,0.8,1.8,1.1,0.387484583
44818,0.16667,0.8,1.8,1.1,0.361471515
44819,0.23333,0.8,1.8,1.1,0.335625142
44820,0.3,0.8,1.8,1.1,0.309755382
44821,0.36667,0.8,1.8,1.1,0.283016709
44822,0.43333,0.8,1.8,1.1,0.255675324
44823,0.5,0.8,1.8,1.1,0.228069872
44824,0.56667,0.8,1.8,1.1,0.19950234
44825,0.63333,0.8,1.8,1.1,0.170694015
44826,0.7,0.8,1.8,1.1,0.140925726
44827,0.76667,0.8,1.8,1.1,0.110570014
44828,0.83333,0.8,1.8,1.1,0.080029399
44829,0.9,0.8,1.8,1.1,0.050527409
44846,-0.033333,0.8,2.0,1.1,0.441754568
44847,0.033333,0.8,2.0,1.1,0.413708632
44848,0.1,0.8,2.0,1.1,0.386910207
44849,0.16667,0.8,2.0,1.1,0.360711767
44850,0.23333,0.8,2.0,1.1,0.334635361
44851,0.3,0.8,2.0,1.1,0.308541751
44852,0.36667,0.8,2.0,1.1,0.281588996
44853,0.43333,0.8,2.0,1.1,0.254047322
44854,0.5,0.8,2.0,1.1,0.22625839
44855,0.56667,0.8,2.0,1.1,0.197520142
44856,0.63333,0.8,2.0,1.1,0.168558383
44857,0.7,0.8,2.0,1.1,0.138649997
44858,0.76667,0.8,2.0,1.1,0.108169257
44859,0.83333,0.8,2.0,1.1,0.077519423
44860,0.9,0.8,2.0,1.1,0.047926227
56977,-0.033333,0.7,1.4,0.6,0.646156645
56978,0.033333,0.7,1.4,0.6,0.592704998
56979,0.1,0.7,1.4,0.6,0.541360785
56980,0.16667,0.7,1.4,0.6,0.49218098
56981,0.23333,0.7,1.4,0.6,0.445557629
56982,0.3,0.7,1.4,0.6,0.399854239
56983,0.36667,0.7,1.4,0.6,0.353955757
56984,0.43333,0.7,1.4,0.6,0.305961157
56985,0.5,0.7,1.4,0.6,0.25708359
56986,0.56667,0.7,1.4,0.6,0.206005676
56987,0.63333,0.7,1.4,0.6,0.152520874
56988,0.7,0.7,1.4,0.6,0.095386029
56989,0.76667,0.7,1.4,0.6,0.036807443
56990,0.83333,0.7,1.4,0.6,-0.024302952
56991,0.9,0.7,1.4,0.6,-0.087909995
57008,-0.033333,0.7,1.6,0.6,0.644029351
57009,0.033333,0.7,1.6,0.6,0.59068281
57010,0.1,0.7,1.6,0.6,0.539368585
57011,0.16667,0.7,1.6,0.6,0.490014316
57012,0.23333,0.7,1.6,0.6,0.442944477
57013,0.3,0.7,1.6,0.6,0.3966066
57014,0.36667,0.7,1.6,0.6,0.350021288
57015,0.43333,0.7,1.6,0.6,0.301384964
57016,0.5,0.7,1.6,0.6,0.25198902
57017,0.56667,0.7,1.6,0.6,0.200510686
57018,0.63333,0.7,1.6,0.6,0.146732813
57019,0.7,0.7,1.6,0.6,0.089394868
57020,0.76667,0.7,1.6,0.6,0.030697216
57021,0.83333,0.7,1.6,0.6,-0.030466234
57022,0.9,0.7,1.6,0.6,-0.094073153
57039,-0.033333,0.7,1.8,0.6,0.642132489
57040,0.033333,0.7,1.8,0.6,0.5887952
57041,0.1,0.7,1.8,0.6,0.537405448
57042,0.16667,0.7,1.8,0.6,0.487786356
57043,0.23333,0.7,1.8,0.6,0.440228979
57044,0.3,0.7,1.8,0.6,0.393255859
57045,0.36667,0.7,1.8,0.6,0.3459952
57046,0.43333,0.7,1.8,0.6,0.296719554
57047,0.5,0.7,1.8,0.6,0.246792908
57048,0.56667,0.7,1.8,0.6,0.194890946
57049,0.63333,0.7,1.8,0.6,0.1407904
57050,0.7,0.7,1.8,0.6,0.083215478
57051,0.76667,0.7,1.8,0.6,0.024363896
57052,0.83333,0.7,1.8,0.6,-0.036887296
57053,0.9,0.7,1.8,0.6,-0.100526913
57070,-0.033333,0.7,2.0,0.6,0.640451863
57071,0.033333,0.7,2.0,0.6,0.587041879
57072,0.1,0.7,2.0,0.6,0.53548983
57073,0.16667,0.7,2.0,0.6,0.485536101
57074,0.23333,0.7,2.0,0.6,0.437461115
57075,0.3,0.7,2.0,0.6,0.389853063
57076,0.36667,0.7,2.0,0.6,0.341927149
57077,0.43333,0.7,2.0,0.6,0.292015996
57078,0.5,0.7,2.0,0.6,0.241550453
57079,0.56667,0.7,2.0,0.6,0.189206636
57080,0.63333,0.7,2.0,0.6,0.134758529
57081,0.7,0.7,2.0,0.6,0.076917064
57082,0.76667,0.7,2.0,0.6,0.017880253
57083,0.83333,0.7,2.0,0.6,-0.043490761
57084,0.9,0.7,2.0,0.6,-0.107194484
57318,-0.033333,0.7,1.4,0.65,0.618890868
57319,0.033333,0.7,1.4,0.65,0.568346779
57320,0.1,0.7,1.4,0.65,0.519927423
57321,0.16667,0.7,1.4,0.65,0.473653416
57322,0.23333,0.7,1.4,0.65,0.429779422
57323,0.3,0.7,1.4,0.65,0.386668677
57324,0.36667,0.7,1.4,0.65,0.343242795
57325,0.43333,0.7,1.4,0.65,0.297741124
57326,0.5,0.7,1.4,0.65,0.251383477
57327,0.56667,0.7,1.4,0.65,0.202978668
57328,0.63333,0.7,1.4,0.65,0.152362912
57329,0.7,0.7,1.4,0.65,0.098373247
57330,0.76667,0.7,1.4,0.65,0.043093656
57331,0.83333,0.7,1.4,0.65,-0.014511303
57332,0.9,0.7,1.4,0.65,-0.074417049
57349,-0.033333,0.7,1.6,0.65,0.616987143
57350,0.033333,0.7,1.6,0.65,0.566545453
57351,0.1,0.7,1.6,0.65,0.518142489
57352,0.16667,0.7,1.6,0.65,0.471673175
57353,0.23333,0.7,1.6,0.65,0.427341761
57354,0.3,0.7,1.6,0.65,0.383608606
57355,0.36667,0.7,1.6,0.65,0.339527436
57356,0.43333,0.7,1.6,0.65,0.29342011
57357,0.5,0.7,1.6,0.65,0.246568424
57358,0.56667,0.7,1.6,0.65,0.197771167
57359,0.63333,0.7,1.6,0.65,0.146855873
57360,0.7,0.7,1.6,0.65,0.092646193
57361,0.76667,0.7,1.6,0.65,0.03722491
57362,0.83333,0.7,1.6,0.65,-0.020458748
57363,0.9,0.7,1.6,0.65,-0.080390996
57380,-0.033333,0.7,1.8,0.65,0.615294677
57381,0.033333,0.7,1.8,0.65,0.564864322
57382,0.1,0.7,1.8,0.65,0.516378356
57383,0.16667,0.7,1.8,0.65,0.469631459
57384,0.23333,0.7,1.8,0.65,0.424808658
57385,0.3,0.7,1.8,0.65,0.380454339
57386,0.36667,0.7,1.8,0.65,0.33572715
57387,0.43333,0.7,1.8,0.65,0.289014326
57388,0.5,0.7,1.8,0.65,0.241657095
57389,0.56667,0.7,1.8,0.65,0.192447657
57390,0.63333,0.7,1.8,0.65,0.141207683
57391,0.7,0.7,1.8,0.65,0.086748385
57392,0.76667,0.7,1.8,0.65,0.03115388
57393,0.83333,0.7,1.8,0.65,-0.026640785
57394,0.9,0.7,1.8,0.65,-0.086630873
57411,-0.033333,0.7,2.0,0.65,0.613800169
57412,0.033333,0.7,2.0,0.65,0.563302944
57413,0.1,0.7,2.0,0.65,0.514652428
57414,0.16667,0.7,2.0,0.65,0.46756494
57415,0.23333,0.7,2.0,0.65,0.422226376
57416,0.3,0.7,2.0,0.65,0.377253169
57417,0.36667,0.7,2.0,0.65,0.33188884
57418,0.43333,0.7,2.0,0.65,0.284572805
57419,0.5,0.7,2.0,0.65,0.236702333
57420,0.56667,0.7,2.0,0.65,0.187065232
57421,0.63333,0.7,2.0,0.65,0.135479636
57422,0.7,0.7,2.0,0.65,0.080745256
57423,0.76667,0.7,2.0,0.65,0.024949747
57424,0.83333,0.7,2.0,0.65,-0.032985231
57425,0.9,0.7,2.0,0.65,-0.093062578
57659,-0.033333,0.7,1.4,0.7,0.592590438
57660,0.033333,0.7,1.4,0.7,0.544867899
57661,0.1,0.7,1.4,0.7,0.49927753
57662,0.16667,0.7,1.4,0.7,0.455805194
57663,0.23333,0.7,1.4,0.7,0.414571469
57664,0.3,0.7,1.4,0.7,0.373945807
57665,0.36667,0.7,1.4,0.7,0.332893882
57666,0.43333,0.7,1.4,0.7,0.289794876
57667,0.5,0.7,1.4,0.7,0.245870153
57668,0.56667,0.7,1.4,0.7,0.200040431
57669,0.63333,0.7,1.4,0.7,0.15217592
57670,0.7,0.7,1.4,0.7,0.101187799
57671,0.76667,0.7,1.4,0.7,0.049044193
57672,0.83333,0.7,1.4,0.7,-0.005237667
57673,0.9,0.7,1.4,0.7,-0.061640742
57690,-0.033333,0.7,1.6,0.7,0.59088355
57691,0.033333,0.7,1.6,0.7,0.543259121
57692,0.1,0.7,1.6,0.7,0.497672869
57693,0.16667,0.7,1.6,0.7,0.453988058
57694,0.23333,0.7,1.6,0.7,0.412292132
57695,0.3,0.7,1.6,0.7,0.371062635
57696,0.36667,0.7,1.6,0.7,0.329391208
57697,0.43333,0.7,1.6,0.7,0.28572394
57698,0.5,0.7,1.6,0.7,0.241329973
57699,0.56667,0.7,1.6,0.7,0.195117654
57700,0.63333,0.7,1.6,0.7,0.146950889
57701,0.7,0.7,1.6,0.7,0.095730759
57702,0.76667,0.7,1.6,0.7,0.04342778
57703,0.83333,0.7,1.6,0.7,-0.010954018
57704,0.9,0.7,1.6,0.7,-0.067406676
57721,-0.033333,0.7,1.8,0.7,0.589371175
57722,0.033333,0.7,1.8,0.7,0.541758701
57723,0.1,0.7,1.8,0.7,0.496083144
57724,0.16667,0.7,1.8,0.7,0.452111242
57725,0.23333,0.7,1.8,0.7,0.409925185
57726,0.3,0.7,1.8,0.7,0.368094022
57727,0.36667,0.7,1.8,0.7,0.325809758
57728,0.43333,0.7,1.8,0.7,0.281572547
57729,0.5,0.7,1.8,0.7,0.236698992
57730,0.56667,0.7,1.8,0.7,0.190087596
57731,0.63333,0.7,1.8,0.7,0.141597354
57732,0.7,0.7,1.8,0.7,0.090119364
57733,0.76667,0.7,1.8,0.7,0.037628573
57734,0.83333,0.7,1.8,0.7,-0.016883063
57735,0.9,0.7,1.8,0.7,-0.073414927
57752,-0.033333,0.7,2.0,0.7,0.588040683
57753,0.033333,0.7,2.0,0.7,0.540365911
57754,0.1,0.7,2.0,0.7,0.494524556
57755,0.16667,0.7,2.0,0.7,0.450208946
57756,0.23333,0.7,2.0,0.7,0.407513286
57757,0.3,0.7,2.0,0.7,0.365083816
57758,0.36667,0.7,2.0,0.7,0.322193994
57759,0.43333,0.7,2.0,0.7,0.277387722
57760,0.5,0.7,2.0,0.7,0.232027635
57761,0.56667,0.7,2.0,0.7,0.185004298
57762,0.63333,0.7,2.0,0.7,0.13617314
57763,0.7,0.7,2.0,0.7,0.084415486
57764,0.76667,0.7,2.0,0.7,0.03171231
57765,0.83333,0.7,2.0,0.7,-0.022955787
57766,0.9,0.7,2.0,0.7,-0.079594178
58000,-0.033333,0.7,1.4,0.75,0.567320093
58001,0.033333,0.7,1.4,0.75,0.522322238
58002,0.1,0.7,1.4,0.75,0.479456491
58003,0.16667,0.7,1.4,0.75,0.438675812
58004,0.23333,0.7,1.4,0.75,0.399968484
58005,0.3,0.7,1.4,0.75,0.361714333
58006,0.36667,0.7,1.4,0.75,0.322930578
58007,0.43333,0.7,1.4,0.75,0.282135693
58008,0.5,0.7,1.4,0.75,0.240547559
58009,0.56667,0.7,1.4,0.75,0.197185615
58010,0.63333,0.7,1.4,0.75,0.151947034
58011,0.7,0.7,1.4,0.75,0.103811778
58012,0.76667,0.7,1.4,0.75,0.054638852
58013,0.83333,0.7,1.4,0.75,0.003497533
58014,0.9,0.7,1.4,0.75,-0.049600317
58031,-0.033333,0.7,1.6,0.75,0.5657814
58032,0.033333,0.7,1.6,0.75,0.520876952
58033,0.1,0.7,1.6,0.75,0.4780054
58034,0.16667,0.7,1.6,0.75,0.43699952
58035,0.23333,0.7,1.6,0.75,0.397831591
58036,0.3,0.7,1.6,0.75,0.358998335
58037,0.36667,0.7,1.6,0.75,0.319634126
58038,0.43333,0.7,1.6,0.75,0.278308498
58039,0.5,0.7,1.6,0.75,0.236275632
58040,0.56667,0.7,1.6,0.75,0.192542189
58041,0.63333,0.7,1.6,0.75,0.147001649
58042,0.7,0.7,1.6,0.75,0.098626546
58043,0.76667,0.7,1.6,0.75,0.049280861
58044,0.83333,0.7,1.6,0.75,-0.001977623
58045,0.9,0.7,1.6,0.75,-0.055144662
58062,-0.033333,0.7,1.8,0.75,0.564422636
58063,0.033333,0.7,1.8,0.75,0.519530428
58064,0.1,0.7,1.8,0.75,0.476565364
58065,0.16667,0.7,1.8,0.75,0.435266797
58066,0.23333,0.7,1.8,0.75,0.39561533
58067,0.3,0.7,1.8,0.75,0.35620507
58068,0.36667,0.7,1.8,0.75,0.316264337
58069,0.43333,0.7,1.8,0.75,0.274405055
58070,0.5,0.7,1.8,0.75,0.231918503
58071,0.56667,0.7,1.8,0.75,0.187800075
58072,0.63333,0.7,1.8,0.75,0.141939698
58073,0.7,0.7,1.8,0.75,0.093302124
58074,0.76667,0.7,1.8,0.75,0.04375805
58075,0.83333,0.7,1.8,0.75,-0.00764514
58076,0.9,0.7,1.8,0.75,-0.060909149
58093,-0.033333,0.7,2.0,0.75,0.563231681
58094,0.033333,0.7,2.0,0.75,0.518281527
58095,0.1,0.7,2.0,0.75,0.475151354
58096,0.16667,0.7,2.0,0.75,0.433509338
58097,0.23333,0.7,2.0,0.75,0.393358839
58098,0.3,0.7,2.0,0.75,0.353375204
58099,0.36667,0.7,2.0,0.75,0.312863392
58100,0.43333,0.7,2.0,0.75,0.270470292
58101,0.5,0.7,2.0,0.75,0.227524113
58102,0.56667,0.7,2.0,0.75,0.183010275
58103,0.63333,0.7,2.0,0.75,0.136815702
58104,0.7,0.7,2.0,0.75,0.087897027
58105,0.76667,0.7,2.0,0.75,0.038132875
58106,0.83333,0.7,2.0,0.75,-0.013439115
58107,0.9,0.7,2.0,0.75,-0.066825304
58341,-0.033333,0.7,1.4,0.8,0.54317816
58342,0.033333,0.7,1.4,0.8,0.500793744
58343,0.1,0.7,1.4,0.8,0.460536176
58344,0.16667,0.7,1.4,0.8,0.422326912
58345,0.23333,0.7,1.4,0.8,0.386022288
58346,0.3,0.7,1.4,0.8,0.350015552
58347,0.36667,0.7,1.4,0.8,0.31338432
58348,0.43333,0.7,1.4,0.8,0.27478496
58349,0.5,0.7,1.4,0.8,0.235426384
58350,0.56667,0.7,1.4,0.8,0.19441424
58351,0.63333,0.7,1.4,0.8,0.151666909
58352,0.7,0.7,1.4,0.8,0.106228421
58353,0.76667,0.7,1.4,0.8,0.05985545
58354,0.83333,0.7,1.4,0.8,0.011668102
58355,0.9,0.7,1.4,0.8,-0.038325053
58372,-0.033333,0.7,1.6,0.8,0.541779488
58373,0.033333,0.7,1.6,0.8,0.49948416
58374,0.1,0.7,1.6,0.8,0.459213776
58375,0.16667,0.7,1.6,0.8,0.420771296
58376,0.23333,0.7,1.6,0.8,0.384013808
58377,0.3,0.7,1.6,0.8,0.347458112
58378,0.36667,0.7,1.6,0.8,0.31028728
58379,0.43333,0.7,1.6,0.8,0.271193632
58380,0.5,0.7,1.6,0.8,0.231413872
58381,0.56667,0.7,1.6,0.8,0.190042176
58382,0.63333,0.7,1.6,0.8,0.14699568
58383,0.7,0.7,1.6,0.8,0.101312973
58384,0.76667,0.7,1.6,0.8,0.054757546
58385,0.83333,0.7,1.6,0.8,0.006439368
58386,0.9,0.7,1.6,0.8,-0.043639357
58403,-0.033333,0.7,1.8,0.8,0.540548016
58404,0.033333,0.7,1.8,0.8,0.498265616
58405,0.1,0.7,1.8,0.8,0.457900192
58406,0.16667,0.7,1.8,0.8,0.419163504
58407,0.23333,0.7,1.8,0.8,0.381934176
58408,0.3,0.7,1.8,0.8,0.34483064
58409,0.36667,0.7,1.8,0.8,0.3071216
58410,0.43333,0.7,1.8,0.8,0.267530144
58411,0.5,0.7,1.8,0.8,0.227321856
58412,0.56667,0.7,1.8,0.8,0.185579664
58413,0.63333,0.7,1.8,0.8,0.142218918
58414,0.7,0.7,1.8,0.8,0.096272139
58415,0.76667,0.7,1.8,0.8,0.04951117
58416,0.83333,0.7,1.8,0.8,0.001036894
58417,0.9,0.7,1.8,0.8,-0.049153282
58434,-0.033333,0.7,2.0,0.8,0.53947208
58435,0.033333,0.7,2.0,0.8,0.497136576
58436,0.1,0.7,2.0,0.8,0.45660912
58437,0.16667,0.7,2.0,0.8,0.417532768
58438,0.23333,0.7,2.0,0.8,0.379819184
58439,0.3,0.7,2.0,0.8,0.342170992
58440,0.36667,0.7,2.0,0.8,0.303927344
58441,0.43333,0.7,2.0,0.8,0.263837248
58442,0.5,0.7,2.0,0.8,0.223195664
58443,0.56667,0.7,2.0,0.8,0.181074832
58444,0.63333,0.7,2.0,0.8,0.13738807
58445,0.7,0.7,2.0,0.8,0.091161301
58446,0.76667,0.7,2.0,0.8,0.044175661
58447,0.83333,0.7,2.0,0.8,-0.004476442
58448,0.9,0.7,2.0,0.8,-0.054801205
58682,-0.033333,0.7,1.4,0.85,0.520175062
58683,0.033333,0.7,1.4,0.85,0.480288024
58684,0.1,0.7,1.4,0.85,0.442519371
58685,0.16667,0.7,1.4,0.85,0.406759456
58686,0.23333,0.7,1.4,0.85,0.372730761
58687,0.3,0.7,1.4,0.85,0.338844114
58688,0.36667,0.7,1.4,0.85,0.304248466
58689,0.43333,0.7,1.4,0.85,0.267735198
58690,0.5,0.7,1.4,0.85,0.230497782
58691,0.56667,0.7,1.4,0.85,0.191716549
58692,0.63333,0.7,1.4,0.85,0.151326684
58693,0.7,0.7,1.4,0.85,0.10843193
58694,0.76667,0.7,1.4,0.85,0.064693251
58695,0.83333,0.7,1.4,0.85,0.019279995
58696,0.9,0.7,1.4,0.85,-0.0278011
58713,-0.033333,0.7,1.6,0.85,0.518890795
58714,0.033333,0.7,1.6,0.85,0.479089299
58715,0.1,0.7,1.6,0.85,0.44130385
58716,0.16667,0.7,1.6,0.85,0.405307165
58717,0.23333,0.7,1.6,0.85,0.370839065
58718,0.3,0.7,1.6,0.85,0.336437909
58719,0.36667,0.7,1.6,0.85,0.301343782
58720,0.43333,0.7,1.6,0.85,0.264370591
58721,0.5,0.7,1.6,0.85,0.226734331
58722,0.56667,0.7,1.6,0.85,0.187606154
58723,0.63333,0.7,1.6,0.85,0.146922003
58724,0.7,0.7,1.6,0.85,0.103781588
58725,0.76667,0.7,1.6,0.85,0.059853873
58726,0.83333,0.7,1.6,0.85,0.014299179
58727,0.9,0.7,1.6,0.85,-0.032881028
58744,-0.033333,0.7,1.8,0.85,0.51776255
58745,0.033333,0.7,1.8,0.85,0.477975504
58746,0.1,0.7,1.8,0.85,0.440096235
58747,0.16667,0.7,1.8,0.85,0.403807684
58748,0.23333,0.7,1.8,0.85,0.368884063
58749,0.3,0.7,1.8,0.85,0.333967922
58750,0.36667,0.7,1.8,0.85,0.298374637
58751,0.43333,0.7,1.8,0.85,0.260938003
58752,0.5,0.7,1.8,0.85,0.222897119
58753,0.56667,0.7,1.8,0.85,0.183413141
58754,0.63333,0.7,1.8,0.85,0.14242188
58755,0.7,0.7,1.8,0.85,0.09901831
58756,0.76667,0.7,1.8,0.85,0.054880789
58757,0.83333,0.7,1.8,0.85,0.009161579
58758,0.9,0.7,1.8,0.85,-0.038141697
58775,-0.033333,0.7,2.0,0.85,0.516779176
58776,0.033333,0.7,2.0,0.85,0.476944734
58777,0.1,0.7,2.0,0.85,0.438908916
58778,0.16667,0.7,2.0,0.85,0.402287752
58779,0.23333,0.7,2.0,0.85,0.366898462
58780,0.3,0.7,2.0,0.85,0.331469528
58781,0.36667,0.7,2.0,0.85,0.295378972
58782,0.43333,0.7,2.0,0.85,0.257477892
58783,0.5,0.7,2.0,0.85,0.219028882
58784,0.56667,0.7,2.0,0.85,0.179182881
58785,0.63333,0.7,2.0,0.85,0.137874902
58786,0.7,0.7,2.0,0.85,0.094194557
58787,0.76667,0.7,2.0,0.85,0.049830377
58788,0.83333,0.7,2.0,0.85,0.003927131
58789,0.9,0.7,2.0,0.85,-0.043520316
59023,-0.033333,0.7,1.4,0.9,0.498306255
59024,0.033333,0.7,1.4,0.9,0.460797768
59025,0.1,0.7,1.4,0.9,0.42539748
59026,0.16667,0.7,1.4,0.9,0.391963658
59027,0.23333,0.7,1.4,0.9,0.360081253
59028,0.3,0.7,1.4,0.9,0.328185942
59029,0.36667,0.7,1.4,0.9,0.295510593
59030,0.43333,0.7,1.4,0.9,0.260975754
59031,0.5,0.7,1.4,0.9,0.225751958
59032,0.56667,0.7,1.4,0.9,0.189084187
59033,0.63333,0.7,1.4,0.9,0.15092101
59034,0.7,0.7,1.4,0.9,0.110422106
59035,0.76667,0.7,1.4,0.9,0.069158879
59036,0.83333,0.7,1.4,0.9,0.026348051
59037,0.9,0.7,1.4,0.9,-0.018004347
59054,-0.033333,0.7,1.6,0.9,0.497114571
59055,0.033333,0.7,1.6,0.9,0.459688939
59056,0.1,0.7,1.6,0.9,0.424270687
59057,0.16667,0.7,1.6,0.9,0.390600558
59058,0.23333,0.7,1.6,0.9,0.358297309
59059,0.3,0.7,1.6,0.9,0.325924885
59060,0.36667,0.7,1.6,0.9,0.29279091
59061,0.43333,0.7,1.6,0.9,0.257827828
59062,0.5,0.7,1.6,0.9,0.222226352
59063,0.56667,0.7,1.6,0.9,0.185224822
59064,0.63333,0.7,1.6,0.9,0.146774053
59065,0.7,0.7,1.6,0.9,0.106030487
59066,0.76667,0.7,1.6,0.9,0.064574258
59067,0.83333,0.7,1.6,0.9,0.021613995
59068,0.9,0.7,1.6,0.9,-0.022848586
59085,-0.033333,0.7,1.8,0.9,0.496069103
59086,0.033333,0.7,1.8,0.9,0.458660283
59087,0.1,0.7,1.8,0.9,0.423151904
59088,0.16667,0.7,1.8,0.9,0.389195662
59089,0.23333,0.7,1.8,0.9,0.356457295
59090,0.3,0.7,1.8,0.9,0.323605418
59091,0.36667,0.7,1.8,0.9,0.29001062
59092,0.43333,0.7,1.8,0.9,0.254616236
59093,0.5,0.7,1.8,0.9,0.218632688
59094,0.56667,0.7,1.8,0.9,0.181290199
59095,0.63333,0.7,1.8,0.9,0.142540779
59096,0.7,0.7,1.8,0.9,0.101537098
59097,0.76667,0.7,1.8,0.9,0.059869236
59098,0.83333,0.7,1.8,0.9,0.016738577
59099,0.9,0.7,1.8,0.9,-0.027856207
59116,-0.033333,0.7,2.0,0.9,0.495159248
59117,0.033333,0.7,2.0,0.9,0.457709531
59118,0.1,0.7,2.0,0.9,0.422052291
59119,0.16667,0.7,2.0,0.9,0.387773324
59120,0.23333,0.7,2.0,0.9,0.35459118
59121,0.3,0.7,2.0,0.9,0.321260607
59122,0.36667,0.7,2.0,0.9,0.287205616
59123,0.43333,0.7,2.0,0.9,0.251379138
59124,0.5,0.7,2.0,0.9,0.21501116
59125,0.56667,0.7,2.0,0.9,0.177323038
59126,0.63333,0.7,2.0,0.9,0.138267124
59127,0.7,0.7,2.0,0.9,0.09699165
59128,0.76667,0.7,2.0,0.9,0.05509734
59129,0.83333,0.7,2.0,0.9,0.011778843
59130,0.9,0.7,2.0,0.9,-0.032967268
59364,-0.033333,0.7,1.4,0.95,0.47760076
59365,0.033333,0.7,1.4,0.95,0.442346076
59366,0.1,0.7,1.4,0.95,0.409188923
59367,0.16667,0.7,1.4,0.95,0.377952423
59368,0.23333,0.7,1.4,0.95,0.348079574
59369,0.3,0.7,1.4,0.95,0.318043587
59370,0.36667,0.7,1.4,0.95,0.287173342
59371,0.43333,0.7,1.4,0.95,0.254508284
59372,0.5,0.7,1.4,0.95,0.221188486
59373,0.56667,0.7,1.4,0.95,0.186515047
59374,0.63333,0.7,1.4,0.95,0.150447555
59375,0.7,0.7,1.4,0.95,0.112197959
59376,0.76667,0.7,1.4,0.95,0.073254009
59377,0.83333,0.7,1.4,0.95,0.032877617
59378,0.9,0.7,1.4,0.95,-0.008925102
59395,-0.033333,0.7,1.6,0.95,0.47648385
59396,0.033333,0.7,1.6,0.95,0.441310127
59397,0.1,0.7,1.6,0.95,0.408136139
59398,0.16667,0.7,1.6,0.95,0.376667224
59399,0.23333,0.7,1.6,0.95,0.346396466
59400,0.3,0.7,1.6,0.95,0.315922022
59401,0.36667,0.7,1.6,0.95,0.28463023
59402,0.43333,0.7,1.6,0.95,0.251565799
59403,0.5,0.7,1.6,0.95,0.217888486
59404,0.56667,0.7,1.6,0.95,0.182895037
59405,0.63333,0.7,1.6,0.95,0.146548098
59406,0.7,0.7,1.6,0.95,0.108056835
59407,0.76667,0.7,1.6,0.95,0.068918096
59408,0.83333,0.7,1.6,0.95,0.028386498
59409,0.9,0.7,1.6,0.95,-0.013535304
59426,-0.033333,0.7,1.8,0.95,0.475504522
59427,0.033333,0.7,1.8,0.95,0.440350637
59428,0.1,0.7,1.8,0.95,0.407092267
59429,0.16667,0.7,1.8,0.95,0.375345867
59430,0.23333,0.7,1.8,0.95,0.344663861
59431,0.3,0.7,1.8,0.95,0.313746665
59432,0.36667,0.7,1.8,0.95,0.282030439
59433,0.43333,0.7,1.8,0.95,0.248564146
59434,0.5,0.7,1.8,0.95,0.214525955
59435,0.56667,0.7,1.8,0.95,0.179206492
59436,0.63333,0.7,1.8,0.95,0.142570505
59437,0.7,0.7,1.8,0.95,0.10382391
59438,0.76667,0.7,1.8,0.95,0.064473736
59439,0.83333,0.7,1.8,0.95,0.023768014
59440,0.9,0.7,1.8,0.95,-0.018292968
59457,-0.033333,0.7,2.0,0.95,0.474652765
59458,0.033333,0.7,2.0,0.95,0.439465058
59459,0.1,0.7,2.0,0.95,0.406067262
59460,0.16667,0.7,2.0,0.95,0.374010336
59461,0.23333,0.7,2.0,0.95,0.342909139
59462,0.3,0.7,2.0,0.95,0.311548527
59463,0.36667,0.7,2.0,0.95,0.279407657
59464,0.43333,0.7,2.0,0.95,0.24553916
59465,0.5,0.7,2.0,0.95,0.211138723
59466,0.56667,0.7,2.0,0.95,0.175489755
59467,0.63333,0.7,2.0,0.95,0.138558233
59468,0.7,0.7,2.0,0.95,0.099546282
59469,0.76667,0.7,2.0,0.95,0.059971697
59470,0.83333,0.7,2.0,0.95,0.019076365
59471,0.9,0.7,2.0,0.95,-0.023140999
59705,-0.033333,0.7,1.4,1.0,0.4580569
59706,0.033333,0.7,1.4,1.0,0.4249289
59707,0.1,0.7,1.4,1.0,0.3938879
59708,0.16667,0.7,1.4,1.0,0.364717
59709,0.23333,0.7,1.4,1.0,0.33671308
59710,0.3,0.7,1.4,1.0,0.30840634
59711,0.36667,0.7,1.4,1.0,0.27922984
59712,0.43333,0.7,1.4,1.0,0.24832762
59713,0.5,0.7,1.4,1.0,0.21680286
59714,0.56667,0.7,1.4,1.0,0.18400607
59715,0.63333,0.7,1.4,1.0,0.149906138
59716,0.7,0.7,1.4,1.0,0.113763844
59717,0.76667,0.7,1.4,1.0,0.07698876
59718,0.83333,0.7,1.4,1.0,0.038885574
59719,0.9,0.7,1.4,1.0,-0.000539001
59736,-0.033333,0.7,1.6,1.0,0.45700078
59737,0.033333,0.7,1.6,1.0,0.42395228
59738,0.1,0.7,1.6,1.0,0.3928974
59739,0.16667,0.7,1.6,1.0,0.36350086
59740,0.23333,0.7,1.6,1.0,0.3351255
59741,0.3,0.7,1.6,1.0,0.30641828
59742,0.36667,0.7,1.6,1.0,0.27685382
59743,0.43333,0.7,1.6,1.0,0.24557848
59744,0.5,0.7,1.6,1.0,0.21371566
59745,0.56667,0.7,1.6,1.0,0.180613064
59746,0.63333,0.7,1.6,1.0,0.146242974
59747,0.7,0.7,1.6,1.0,0.109863576
59748,0.76667,0.7,1.6,1.0,0.072893712
59749,0.83333,0.7,1.6,1.0,0.034631458
59750,0.9,0.7,1.6,1.0,-0.004919174
59767,-0.033333,0.7,1.8,1.0,0.45607454
59768,0.033333,0.7,1.8,1.0,0.42304924
59769,0.1,0.7,1.8,1.0,0.39191728
59770,0.16667,0.7,1.8,1.0,0.36225416
59771,0.23333,0.7,1.8,1.0,0.33349416
59772,0.3,0.7,1.8,1.0,0.30438066
59773,0.36667,0.7,1.8,1.0,0.2744251
59774,0.43333,0.7,1.8,1.0,0.24277474
59775,0.5,0.7,1.8,1.0,0.21057114
59776,0.56667,0.7,1.8,1.0,0.177157584
59777,0.63333,0.7,1.8,1.0,0.142508932
59778,0.7,0.7,1.8,1.0,0.105880376
59779,0.76667,0.7,1.8,1.0,0.068700918
59780,0.83333,0.7,1.8,1.0,0.03026264
59781,0.9,0.7,1.8,1.0,-0.009432265
59798,-0.033333,0.7,2.0,1.0,0.45526878
59799,0.033333,0.7,2.0,1.0,0.42221706
59800,0.1,0.7,2.0,1.0,0.39095634
59801,0.16667,0.7,2.0,1.0,0.3609967
59802,0.23333,0.7,2.0,1.0,0.33184424
59803,0.3,0.7,2.0,1.0,0.30232248
59804,0.36667,0.7,2.0,1.0,0.2719753
59805,0.43333,0.7,2.0,1.0,0.23994996
59806,0.5,0.7,2.0,1.0,0.20740492
59807,0.56667,0.7,2.0,1.0,0.173677748
59808,0.63333,0.7,2.0,1.0,0.138745136
59809,0.7,0.7,2.0,1.0,0.101858832
59810,0.76667,0.7,2.0,1.0,0.0644585
59811,0.83333,0.7,2.0,1.0,0.025830534
59812,0.9,0.7,2.0,1.0,-0.014024008
60046,-0.033333,0.7,1.4,1.1,0.422251306
60047,0.033333,0.7,1.4,1.1,0.393010197
60048,0.1,0.7,1.4,1.1,0.365836716
60049,0.16667,0.7,1.4,1.1,0.34040722
60050,0.23333,0.7,1.4,1.1,0.315728806
60051,0.3,0.7,1.4,1.1,0.290526087
60052,0.36667,0.7,1.4,1.1,0.26443439
60053,0.43333,0.7,1.4,1.1,0.236758165
60054,0.5,0.7,1.4,1.1,0.208515942
60055,0.56667,0.7,1.4,1.1,0.179143016
60056,0.63333,0.7,1.4,1.1,0.148623527
60057,0.7,0.7,1.4,1.1,0.116306174
60058,0.76667,0.7,1.4,1.1,0.083458582
60059,0.83333,0.7,1.4,1.1,0.049463523
60060,0.9,0.7,1.4,1.1,0.01432962
60077,-0.033333,0.7,1.6,1.1,0.421288277
60078,0.033333,0.7,1.6,1.1,0.392124058
60079,0.1,0.7,1.6,1.1,0.364945825
60080,0.16667,0.7,1.6,1.1,0.339311289
60081,0.23333,0.7,1.6,1.1,0.314320496
60082,0.3,0.7,1.6,1.1,0.288785291
60083,0.36667,0.7,1.6,1.1,0.26236234
60084,0.43333,0.7,1.6,1.1,0.234359942
60085,0.5,0.7,1.6,1.1,0.20581705
60086,0.56667,0.7,1.6,1.1,0.176167497
60087,0.63333,0.7,1.6,1.1,0.145398627
60088,0.7,0.7,1.6,1.1,0.112856661
60089,0.76667,0.7,1.6,1.1,0.079818392
60090,0.83333,0.7,1.6,1.1,0.045661206
60091,0.9,0.7,1.6,1.1,0.010392228
60108,-0.033333,0.7,1.8,1.1,0.420441804
60109,0.033333,0.7,1.8,1.1,0.391307351
60110,0.1,0.7,1.8,1.1,0.36406919
60111,0.16667,0.7,1.8,1.1,0.338195184
60112,0.23333,0.7,1.8,1.1,0.312877823
60113,0.3,0.7,1.8,1.1,0.287003025
60114,0.36667,0.7,1.8,1.1,0.26024585
60115,0.43333,0.7,1.8,1.1,0.23191574
60116,0.5,0.7,1.8,1.1,0.203069945
60117,0.56667,0.7,1.8,1.1,0.173139687
60118,0.63333,0.7,1.8,1.1,0.142114904
60119,0.7,0.7,1.8,1.1,0.109339018
60120,0.76667,0.7,1.8,1.1,0.076098595
60121,0.83333,0.7,1.8,1.1,0.041765929
60122,0.9,0.7,1.8,1.1,0.006347211
60139,-0.033333,0.7,2.0,1.1,0.419703748
60140,0.033333,0.7,2.0,1.1,0.390556997
60141,0.1,0.7,2.0,1.1,0.363213455
60142,0.16667,0.7,2.0,1.1,0.337074833
60143,0.23333,0.7,2.0,1.1,0.311422191
60144,0.3,0.7,2.0,1.1,0.285204281
60145,0.36667,0.7,2.0,1.1,0.258112376
60146,0.43333,0.7,2.0,1.1,0.229455037
60147,0.5,0.7,2.0,1.1,0.200306284
60148,0.56667,0.7,2.0,1.1,0.170093676
60149,0.63333,0.7,2.0,1.1,0.138809214
60150,0.7,0.7,2.0,1.1,0.105793182
60151,0.76667,0.7,2.0,1.1,0.072342219
60152,0.83333,0.7,2.0,1.1,0.037823703
60153,0.9,0.7,2.0,1.1,0.002243294
72431,-0.023333,0.6,1.4,0.6,0.611667415
72432,0.04,0.6,1.4,0.6,0.556482522
72433,0.10333,0.6,1.4,0.6,0.50469841
72434,0.16667,0.6,1.4,0.6,0.456450231
72435,0.23,0.6,1.4,0.6,0.411415216
72436,0.29333,0.6,1.4,0.6,0.367392812
72437,0.35667,0.6,1.4,0.6,0.321651479
72438,0.42,0.6,1.4,0.6,0.275765969
72439,0.48333,0.6,1.4,0.6,0.22727933
72440,0.54667,0.6,1.4,0.6,0.17551953
72441,0.61,0.6,1.4,0.6,0.120042695
72442,0.67333,0.6,1.4,0.6,0.060547423
72443,0.73667,0.6,1.4,0.6,-0.003169584
72444,0.8,0.6,1.4,0.6,-0.071230385
72462,-0.023333,0.6,1.6,0.6,0.608685006
72463,0.04,0.6,1.6,0.6,0.553727521
72464,0.10333,0.6,1.6,0.6,0.502037019
72465,0.16667,0.6,1.6,0.6,0.4535856
72466,0.23,0.6,1.6,0.6,0.407986548
72467,0.29333,0.6,1.6,0.6,0.363137325
72468,0.35667,0.6,1.6,0.6,0.316443943
72469,0.42,0.6,1.6,0.6,0.269682654
72470,0.48333,0.6,1.6,0.6,0.220439347
72471,0.54667,0.6,1.6,0.6,0.168065075
72472,0.61,0.6,1.6,0.6,0.112116456
72473,0.67333,0.6,1.6,0.6,0.052285879
72474,0.73667,0.6,1.6,0.6,-0.011640642
72475,0.8,0.6,1.6,0.6,-0.07980108
72493,-0.023333,0.6,1.8,0.6,0.6059967
72494,0.04,0.6,1.8,0.6,0.551129801
72495,0.10333,0.6,1.8,0.6,0.499389716
72496,0.16667,0.6,1.8,0.6,0.45061986
72497,0.23,0.6,1.8,0.6,0.404404812
72498,0.29333,0.6,1.8,0.6,0.358727701
72499,0.35667,0.6,1.8,0.6,0.311100114
72500,0.42,0.6,1.8,0.6,0.263472287
72501,0.48333,0.6,1.8,0.6,0.213464703
72502,0.54667,0.6,1.8,0.6,0.160452979
72503,0.61,0.6,1.8,0.6,0.103997344
72504,0.67333,0.6,1.8,0.6,0.043786331
72505,0.73667,0.6,1.8,0.6,-0.02040154
72506,0.8,0.6,1.8,0.6,-0.088715897
72524,-0.023333,0.6,2.0,0.6,0.603586152
72525,0.04,0.6,2.0,0.6,0.548692722
72526,0.10333,0.6,2.0,0.6,0.496785084
72527,0.16667,0.6,2.0,0.6,0.447606744
72528,0.23,0.6,2.0,0.6,0.400736497
72529,0.29333,0.6,2.0,0.6,0.354231211
72530,0.35667,0.6,2.0,0.6,0.305684526
72531,0.42,0.6,2.0,0.6,0.257199556
72532,0.48333,0.6,2.0,0.6,0.206423712
72533,0.54667,0.6,2.0,0.6,0.152757197
72534,0.61,0.6,2.0,0.6,0.095766009
72535,0.67333,0.6,2.0,0.6,0.035136802
72536,0.73667,0.6,2.0,0.6,-0.029357172
72537,0.8,0.6,2.0,0.6,-0.097874111
72772,-0.023333,0.6,1.4,0.65,0.584458824
72773,0.04,0.6,1.4,0.65,0.532557114
72774,0.10333,0.6,1.4,0.65,0.484028924
72775,0.16667,0.6,1.4,0.65,0.438927124
72776,0.23,0.6,1.4,0.65,0.396801573
72777,0.29333,0.6,1.4,0.65,0.355478817
72778,0.35667,0.6,1.4,0.65,0.312356802
72779,0.42,0.6,1.4,0.65,0.268978889
72780,0.48333,0.6,1.4,0.65,0.223125993
72781,0.54667,0.6,1.4,0.65,0.174248619
72782,0.61,0.6,1.4,0.65,0.121981176
72783,0.67333,0.6,1.4,0.65,0.066063856
72784,0.73667,0.6,1.4,0.65,0.006310148
72785,0.8,0.6,1.4,0.65,-0.057401396
72803,-0.023333,0.6,1.6,0.65,0.581806591
72804,0.04,0.6,1.6,0.65,0.530116295
72805,0.10333,0.6,1.6,0.65,0.481652675
72806,0.16667,0.6,1.6,0.65,0.436315437
72807,0.23,0.6,1.6,0.65,0.393612493
72808,0.29333,0.6,1.6,0.65,0.351480949
72809,0.35667,0.6,1.6,0.65,0.307451674
72810,0.42,0.6,1.6,0.65,0.263246461
72811,0.48333,0.6,1.6,0.65,0.216671615
72812,0.54667,0.6,1.6,0.65,0.167192928
72813,0.61,0.6,1.6,0.65,0.114446729
72814,0.67333,0.6,1.6,0.65,0.058171774
72815,0.73667,0.6,1.6,0.65,-0.001824123
72816,0.8,0.6,1.6,0.65,-0.065674051
72834,-0.023333,0.6,1.8,0.65,0.579420929
72835,0.04,0.6,1.8,0.65,0.527812974
72836,0.10333,0.6,1.8,0.65,0.479280338
72837,0.16667,0.6,1.8,0.65,0.433603653
72838,0.23,0.6,1.8,0.65,0.390279844
72839,0.29333,0.6,1.8,0.65,0.347340461
72840,0.35667,0.6,1.8,0.65,0.302418668
72841,0.42,0.6,1.8,0.65,0.257392564
72842,0.48333,0.6,1.8,0.65,0.210089139
72843,0.54667,0.6,1.8,0.65,0.159990692
72844,0.61,0.6,1.8,0.65,0.106736594
72845,0.67333,0.6,1.8,0.65,0.050065018
72846,0.73667,0.6,1.8,0.65,-0.010219581
72847,0.8,0.6,1.8,0.65,-0.074258073
72865,-0.023333,0.6,2.0,0.65,0.577286721
72866,0.04,0.6,2.0,0.65,0.525650309
72867,0.10333,0.6,2.0,0.65,0.476938863
72868,0.16667,0.6,2.0,0.65,0.43084208
72869,0.23,0.6,2.0,0.65,0.38686518
72870,0.29333,0.6,2.0,0.65,0.343119831
72871,0.35667,0.6,2.0,0.65,0.297318921
72872,0.42,0.6,2.0,0.65,0.251479402
72873,0.48333,0.6,2.0,0.65,0.203444004
72874,0.54667,0.6,2.0,0.65,0.152712031
72875,0.61,0.6,2.0,0.65,0.098926825
72876,0.67333,0.6,2.0,0.65,0.041826635
72877,0.73667,0.6,2.0,0.65,-0.018786068
72878,0.8,0.6,2.0,0.65,-0.083057314
73113,-0.023333,0.6,1.4,0.7,0.558328167
73114,0.04,0.6,1.4,0.7,0.509601176
73115,0.10333,0.6,1.4,0.7,0.46420476
73116,0.16667,0.6,1.4,0.7,0.422116226
73117,0.23,0.6,1.4,0.7,0.382766737
73118,0.29333,0.6,1.4,0.7,0.344017808
73119,0.35667,0.6,1.4,0.7,0.303401666
73120,0.42,0.6,1.4,0.7,0.262435881
73121,0.48333,0.6,1.4,0.7,0.219120034
73122,0.54667,0.6,1.4,0.7,0.173006538
73123,0.61,0.6,1.4,0.7,0.123792857
73124,0.67333,0.6,1.4,0.7,0.071254458
73125,0.73667,0.6,1.4,0.7,0.015221942
73126,0.8,0.6,1.4,0.7,-0.0444218
73144,-0.023333,0.6,1.6,0.7,0.555963223
73145,0.04,0.6,1.6,0.7,0.507430925
73146,0.10333,0.6,1.6,0.7,0.462073989
73147,0.16667,0.6,1.6,0.7,0.419725283
73148,0.23,0.6,1.6,0.7,0.379794792
73149,0.29333,0.6,1.6,0.7,0.340264315
73150,0.35667,0.6,1.6,0.7,0.298791656
73151,0.42,0.6,1.6,0.7,0.257048985
73152,0.48333,0.6,1.6,0.7,0.213047095
73153,0.54667,0.6,1.6,0.7,0.166348831
73154,0.61,0.6,1.6,0.7,0.116655512
73155,0.67333,0.6,1.6,0.7,0.063744855
73156,0.73667,0.6,1.6,0.7,0.007445325
73157,0.8,0.6,1.6,0.7,-0.052368579
73175,-0.023333,0.6,1.8,0.7,0.553841047
73176,0.04,0.6,1.8,0.7,0.505382192
73177,0.10333,0.6,1.8,0.7,0.459940319
73178,0.16667,0.6,1.8,0.7,0.417237771
73179,0.23,0.6,1.8,0.7,0.376689892
73180,0.29333,0.6,1.8,0.7,0.336379574
73181,0.35667,0.6,1.8,0.7,0.294061739
73182,0.42,0.6,1.8,0.7,0.251546339
73183,0.48333,0.6,1.8,0.7,0.206853031
73184,0.54667,0.6,1.8,0.7,0.159555621
73185,0.61,0.6,1.8,0.7,0.10935876
73186,0.67333,0.6,1.8,0.7,0.056042218
73187,0.73667,0.6,1.8,0.7,-0.000565895
73188,0.8,0.6,1.8,0.7,-0.060595993
73206,-0.023333,0.6,2.0,0.7,0.551947431
73207,0.04,0.6,2.0,0.7,0.503457707
73208,0.10333,0.6,2.0,0.7,0.457828979
73209,0.16667,0.6,2.0,0.7,0.414700476
73210,0.23,0.6,2.0,0.7,0.37350882
73211,0.29333,0.6,2.0,0.7,0.332421644
73212,0.35667,0.6,2.0,0.7,0.289269887
73213,0.42,0.6,2.0,0.7,0.245987512
73214,0.48333,0.6,2.0,0.7,0.200600294
73215,0.54667,0.6,2.0,0.7,0.152693252
73216,0.61,0.6,2.0,0.7,0.10197428
73217,0.67333,0.6,2.0,0.7,0.048224914
73218,0.73667,0.6,2.0,0.7,-0.008726298
73219,0.8,0.6,2.0,0.7,-0.069012439
73454,-0.023333,0.6,1.4,0.75,0.533331928
73455,0.04,0.6,1.4,0.75,0.487658336
73456,0.10333,0.6,1.4,0.75,0.445260887
73457,0.16667,0.6,1.4,0.75,0.406047611
73458,0.23,0.6,1.4,0.75,0.369337028
73459,0.29333,0.6,1.4,0.75,0.333030406
73460,0.35667,0.6,1.4,0.75,0.29479889
73461,0.42,0.6,1.4,0.75,0.256140239
73462,0.48333,0.6,1.4,0.75,0.215253836
73463,0.54667,0.6,1.4,0.75,0.171775894
73464,0.61,0.6,1.4,0.75,0.125454942
73465,0.67333,0.6,1.4,0.75,0.07609706
73466,0.73667,0.6,1.4,0.75,0.023550211
73467,0.8,0.6,1.4,0.75,-0.032295704
73485,-0.023333,0.6,1.6,0.75,0.53121011
73486,0.04,0.6,1.6,0.75,0.485715533
73487,0.10333,0.6,1.6,0.75,0.443337643
73488,0.16667,0.6,1.6,0.75,0.403847521
73489,0.23,0.6,1.6,0.75,0.366561809
73490,0.29333,0.6,1.6,0.75,0.329509113
73491,0.35667,0.6,1.6,0.75,0.290476022
73492,0.42,0.6,1.6,0.75,0.251091142
73493,0.48333,0.6,1.6,0.75,0.209554489
73494,0.54667,0.6,1.6,0.75,0.165510508
73495,0.61,0.6,1.6,0.75,0.118713754
73496,0.67333,0.6,1.6,0.75,0.06897521
73497,0.73667,0.6,1.6,0.75,0.016143201
73498,0.8,0.6,1.6,0.75,-0.039898254
73516,-0.023333,0.6,1.8,0.75,0.529310538
73517,0.04,0.6,1.8,0.75,0.483881557
73518,0.10333,0.6,1.8,0.75,0.441407545
73519,0.16667,0.6,1.8,0.75,0.401556274
73520,0.23,0.6,1.8,0.75,0.363664727
73521,0.29333,0.6,1.8,0.75,0.325867292
73522,0.35667,0.6,1.8,0.75,0.286040516
73523,0.42,0.6,1.8,0.75,0.245931958
73524,0.48333,0.6,1.8,0.75,0.203741199
73525,0.54667,0.6,1.8,0.75,0.159120348
73526,0.61,0.6,1.8,0.75,0.111828271
73527,0.67333,0.6,1.8,0.75,0.06168008
73528,0.73667,0.6,1.8,0.75,0.008525849
73529,0.8,0.6,1.8,0.75,-0.047753146
73547,-0.023333,0.6,2.0,0.75,0.527619725
73548,0.04,0.6,2.0,0.75,0.482158554
73549,0.10333,0.6,2.0,0.75,0.439493902
73550,0.16667,0.6,2.0,0.75,0.39921707
73551,0.23,0.6,2.0,0.75,0.360697982
73552,0.29333,0.6,2.0,0.75,0.322158959
73553,0.35667,0.6,2.0,0.75,0.281547409
73554,0.42,0.6,2.0,0.75,0.240719598
73555,0.48333,0.6,2.0,0.75,0.197873322
73556,0.54667,0.6,2.0,0.75,0.152668117
73557,0.61,0.6,2.0,0.75,0.104866101
73558,0.67333,0.6,2.0,0.75,0.054285667
73559,0.73667,0.6,2.0,0.75,0.000779081
73560,0.8,0.6,2.0,0.75,-0.055773203
73795,-0.023333,0.6,1.4,0.8,0.509559968
73796,0.04,0.6,1.4,0.8,0.466801952
73797,0.10333,0.6,1.4,0.8,0.427258064
73798,0.16667,0.6,1.4,0.8,0.39077216
73799,0.23,0.6,1.4,0.8,0.356553664
73800,0.29333,0.6,1.4,0.8,0.322547264
73801,0.35667,0.6,1.4,0.8,0.286568656
73802,0.42,0.6,1.4,0.8,0.250101744
73803,0.48333,0.6,1.4,0.8,0.211525744
73804,0.54667,0.6,1.4,0.8,0.170544704
73805,0.61,0.6,1.4,0.8,0.126948454
73806,0.67333,0.6,1.4,0.8,0.080569992
73807,0.73667,0.6,1.4,0.8,0.031274648
73808,0.8,0.6,1.4,0.8,-0.02103875
73826,-0.023333,0.6,1.6,0.8,0.507639296
73827,0.04,0.6,1.6,0.8,0.465046704
73828,0.10333,0.6,1.6,0.8,0.425508112
73829,0.16667,0.6,1.6,0.8,0.388736544
73830,0.23,0.6,1.6,0.8,0.353957344
73831,0.29333,0.6,1.6,0.8,0.319246992
73832,0.35667,0.6,1.6,0.8,0.282523728
73833,0.42,0.6,1.6,0.8,0.24537976
73834,0.48333,0.6,1.6,0.8,0.20618824
73835,0.54667,0.6,1.6,0.8,0.16466128
73836,0.61,0.6,1.6,0.8,0.120596765
73837,0.67333,0.6,1.6,0.8,0.073834283
73838,0.73667,0.6,1.6,0.8,0.024241173
73839,0.8,0.6,1.6,0.8,-0.028287622
73857,-0.023333,0.6,1.8,0.8,0.5059232
73858,0.04,0.6,1.8,0.8,0.463390352
73859,0.10333,0.6,1.8,0.8,0.423749568
73860,0.16667,0.6,1.8,0.8,0.386616384
73861,0.23,0.6,1.8,0.8,0.351250176
73862,0.29333,0.6,1.8,0.8,0.315835952
73863,0.35667,0.6,1.8,0.8,0.278372752
73864,0.42,0.6,1.8,0.8,0.240553344
73865,0.48333,0.6,1.8,0.8,0.20074408
73866,0.54667,0.6,1.8,0.8,0.15866332
73867,0.61,0.6,1.8,0.8,0.114114558
73868,0.67333,0.6,1.8,0.8,0.066943024
73869,0.73667,0.6,1.8,0.8,0.017019198
73870,0.8,0.6,1.8,0.8,-0.03576313
73888,-0.023333,0.6,2.0,0.8,0.504398784
73889,0.04,0.6,2.0,0.8,0.461834432
73890,0.10333,0.6,2.0,0.8,0.42200384
73891,0.16667,0.6,2.0,0.8,0.38445144
73892,0.23,0.6,2.0,0.8,0.348480032
73893,0.29333,0.6,2.0,0.8,0.312364464
73894,0.35667,0.6,2.0,0.8,0.274167904
73895,0.42,0.6,2.0,0.8,0.235676656
73896,0.48333,0.6,2.0,0.8,0.195249456
73897,0.54667,0.6,2.0,0.8,0.152609984
73898,0.61,0.6,2.0,0.8,0.10756564
73899,0.67333,0.6,2.0,0.8,0.059966178
73900,0.73667,0.6,2.0,0.8,0.009685413
73901,0.8,0.6,2.0,0.8,-0.043382355
74136,-0.023333,0.6,1.4,0.85,0.487014042
74137,0.04,0.6,1.4,0.85,0.44702827
74138,0.10333,0.6,1.4,0.85,0.410190123
74139,0.16667,0.6,1.4,0.85,0.376282533
74140,0.23,0.6,1.4,0.85,0.3444068
74141,0.29333,0.6,1.4,0.85,0.312556175
74142,0.35667,0.6,1.4,0.85,0.278698343
74143,0.42,0.6,1.4,0.85,0.244307454
74144,0.48333,0.6,1.4,0.85,0.207921972
74145,0.54667,0.6,1.4,0.85,0.169299697
74146,0.61,0.6,1.4,0.85,0.128264173
74147,0.67333,0.6,1.4,0.85,0.084672325
74148,0.73667,0.6,1.4,0.85,0.03840655
74149,0.8,0.6,1.4,0.85,-0.010624073
74167,-0.023333,0.6,1.6,0.85,0.485257408
74168,0.04,0.6,1.6,0.85,0.445425958
74169,0.10333,0.6,1.6,0.85,0.408584258
74170,0.16667,0.6,1.6,0.85,0.374389154
74171,0.23,0.6,1.6,0.85,0.341974552
74172,0.29333,0.6,1.6,0.85,0.30946691
74173,0.35667,0.6,1.6,0.85,0.274921139
74174,0.42,0.6,1.6,0.85,0.239899652
74175,0.48333,0.6,1.6,0.85,0.202932019
74176,0.54667,0.6,1.6,0.85,0.163785079
74177,0.61,0.6,1.6,0.85,0.122291794
74178,0.67333,0.6,1.6,0.85,0.078316648
74179,0.73667,0.6,1.6,0.85,0.031745091
74180,0.8,0.6,1.6,0.85,-0.017516153
74198,-0.023333,0.6,1.8,0.85,0.483690132
74199,0.04,0.6,1.8,0.85,0.443914917
74200,0.10333,0.6,1.8,0.85,0.406969775
74201,0.16667,0.6,1.8,0.85,0.372418666
74202,0.23,0.6,1.8,0.85,0.339441989
74203,0.29333,0.6,1.8,0.85,0.306275529
74204,0.35667,0.6,1.8,0.85,0.271043944
74205,0.42,0.6,1.8,0.85,0.235393217
74206,0.48333,0.6,1.8,0.85,0.197842635
74207,0.54667,0.6,1.8,0.85,0.158165401
74208,0.61,0.6,1.8,0.85,0.116201266
74209,0.67333,0.6,1.8,0.85,0.071821205
74210,0.73667,0.6,1.8,0.85,0.024914655
74211,0.8,0.6,1.8,0.85,-0.024611623
74229,-0.023333,0.6,2.0,0.85,0.482299924
74230,0.04,0.6,2.0,0.85,0.442496099
74231,0.10333,0.6,2.0,0.85,0.405366222
74232,0.16667,0.6,2.0,0.85,0.370407429
74233,0.23,0.6,2.0,0.85,0.336853022
74234,0.29333,0.6,2.0,0.85,0.303029052
74235,0.35667,0.6,2.0,0.85,0.267116192
74236,0.42,0.6,2.0,0.85,0.230839439
74237,0.48333,0.6,2.0,0.85,0.192706893
74238,0.54667,0.6,2.0,0.85,0.152496524
74239,0.61,0.6,2.0,0.85,0.110052891
74240,0.67333,0.6,2.0,0.85,0.06525218
74241,0.73667,0.6,2.0,0.85,0.017987917
74242,0.8,0.6,2.0,0.85,-0.031831733
74477,-0.023333,0.6,1.4,0.9,0.465680083
74478,0.04,0.6,1.4,0.9,0.428320385
74479,0.10333,0.6,1.4,0.9,0.394039546
74480,0.16667,0.6,1.4,0.9,0.362560634
74481,0.23,0.6,1.4,0.9,0.332876105
74482,0.29333,0.6,1.4,0.9,0.303036162
74483,0.35667,0.6,1.4,0.9,0.271169526
74484,0.42,0.6,1.4,0.9,0.238740977
74485,0.48333,0.6,1.4,0.9,0.204427504
74486,0.54667,0.6,1.4,0.9,0.168028996
74487,0.61,0.6,1.4,0.9,0.12939674
74488,0.67333,0.6,1.4,0.9,0.088409004
74489,0.73667,0.6,1.4,0.9,0.044964631
74490,0.8,0.6,1.4,0.9,-0.001016383
74508,-0.023333,0.6,1.6,0.9,0.464056539
74509,0.04,0.6,1.6,0.9,0.426842444
74510,0.10333,0.6,1.6,0.9,0.39255383
74511,0.16667,0.6,1.6,0.9,0.360791504
74512,0.23,0.6,1.6,0.9,0.33059595
74513,0.29333,0.6,1.6,0.9,0.300148735
74514,0.35667,0.6,1.6,0.9,0.267648708
74515,0.42,0.6,1.6,0.9,0.234632742
74516,0.48333,0.6,1.6,0.9,0.199769058
74517,0.54667,0.6,1.6,0.9,0.162867978
74518,0.61,0.6,1.6,0.9,0.123790914
74519,0.67333,0.6,1.6,0.9,0.082423915
74520,0.73667,0.6,1.6,0.9,0.038669459
74521,0.8,0.6,1.6,0.9,-0.00755355
74539,-0.023333,0.6,1.8,0.9,0.46260918
74540,0.04,0.6,1.8,0.9,0.425450041
74541,0.10333,0.6,1.8,0.9,0.391060877
74542,0.16667,0.6,1.8,0.9,0.35895311
74543,0.23,0.6,1.8,0.9,0.328225344
74544,0.29333,0.6,1.8,0.9,0.297166934
74545,0.35667,0.6,1.8,0.9,0.264033786
74546,0.42,0.6,1.8,0.9,0.23043186
74547,0.48333,0.6,1.8,0.9,0.195018306
74548,0.54667,0.6,1.8,0.9,0.157610656
74549,0.61,0.6,1.8,0.9,0.118077952
74550,0.67333,0.6,1.8,0.9,0.076313056
74551,0.73667,0.6,1.8,0.9,0.032222804
74552,0.8,0.6,1.8,0.9,-0.014273034
74570,-0.023333,0.6,2.0,0.9,0.461326451
74571,0.04,0.6,2.0,0.9,0.424143551
74572,0.10333,0.6,2.0,0.9,0.38957831
74573,0.16667,0.6,2.0,0.9,0.357078571
74574,0.23,0.6,2.0,0.9,0.325804536
74575,0.29333,0.6,2.0,0.9,0.294134695
74576,0.35667,0.6,2.0,0.9,0.260371362
74577,0.42,0.6,2.0,0.9,0.226186662
74578,0.48333,0.6,2.0,0.9,0.19022529
74579,0.54667,0.6,2.0,0.9,0.152309832
74580,0.61,0.6,2.0,0.9,0.112314922
74581,0.67333,0.6,2.0,0.9,0.070139055
74582,0.73667,0.6,2.0,0.9,0.025693426
74583,0.8,0.6,2.0,0.9,-0.021100214
74818,-0.023333,0.6,1.4,0.95,0.445576591
74819,0.04,0.6,1.4,0.95,0.410690386
74820,0.10333,0.6,1.4,0.95,0.378813642
74821,0.16667,0.6,1.4,0.95,0.349608588
74822,0.23,0.6,1.4,0.95,0.321957914
74823,0.29333,0.6,1.4,0.95,0.293982443
74824,0.35667,0.6,1.4,0.95,0.263979232
74825,0.42,0.6,1.4,0.95,0.233399392
74826,0.48333,0.6,1.4,0.95,0.201038267
74827,0.54667,0.6,1.4,0.95,0.166728723
74828,0.61,0.6,1.4,0.95,0.130345176
74829,0.67333,0.6,1.4,0.95,0.091784843
74830,0.73667,0.6,1.4,0.95,0.050962025
74831,0.8,0.6,1.4,0.95,0.007807747
74849,-0.023333,0.6,1.6,0.95,0.444061182
74850,0.04,0.6,1.6,0.95,0.409313794
74851,0.10333,0.6,1.6,0.95,0.377428843
74852,0.16667,0.6,1.6,0.95,0.347949192
74853,0.23,0.6,1.6,0.95,0.319819913
74854,0.29333,0.6,1.6,0.95,0.29128746
74855,0.35667,0.6,1.6,0.95,0.260701634
74856,0.42,0.6,1.6,0.95,0.229574121
74857,0.48333,0.6,1.6,0.95,0.196693578
74858,0.54667,0.6,1.6,0.95,0.16190419
74859,0.61,0.6,1.6,0.95,0.125090652
74860,0.67333,0.6,1.6,0.95,0.086157769
74861,0.73667,0.6,1.6,0.95,0.045023713
74862,0.8,0.6,1.6,0.95,0.001619385
74880,-0.023333,0.6,1.8,0.95,0.442710583
74881,0.04,0.6,1.8,0.95,0.408018507
74882,0.10333,0.6,1.8,0.95,0.376039084
74883,0.16667,0.6,1.8,0.95,0.346228463
74884,0.23,0.6,1.8,0.95,0.317600494
74885,0.29333,0.6,1.8,0.95,0.288505073
74886,0.35667,0.6,1.8,0.95,0.257335797
74887,0.42,0.6,1.8,0.95,0.225662322
74888,0.48333,0.6,1.8,0.95,0.192263348
74889,0.54667,0.6,1.8,0.95,0.156991292
74890,0.61,0.6,1.8,0.95,0.119738757
74891,0.67333,0.6,1.8,0.95,0.080417287
74892,0.73667,0.6,1.8,0.95,0.03894946
74893,0.8,0.6,1.8,0.95,-0.004732354
74911,-0.023333,0.6,2.0,0.95,0.441513908
74912,0.04,0.6,2.0,0.95,0.406804332
74913,0.10333,0.6,2.0,0.95,0.374660232
74914,0.16667,0.6,2.0,0.95,0.34447642
74915,0.23,0.6,2.0,0.95,0.315336557
74916,0.29333,0.6,2.0,0.95,0.285676382
74917,0.35667,0.6,2.0,0.95,0.253925518
74918,0.42,0.6,2.0,0.95,0.221709386
74919,0.48333,0.6,2.0,0.95,0.187794805
74920,0.54667,0.6,2.0,0.95,0.15203996
74921,0.61,0.6,2.0,0.95,0.114343494
74922,0.67333,0.6,2.0,0.95,0.074622647
74923,0.73667,0.6,2.0,0.95,0.032804342
74924,0.8,0.6,2.0,0.95,-0.011176763
75159,-0.023333,0.6,1.4,1.0,0.42669014
75160,0.04,0.6,1.4,1.0,0.3941233
75161,0.10333,0.6,1.4,1.0,0.36449704
75162,0.16667,0.6,1.4,1.0,0.3374093
75163,0.23,0.6,1.4,1.0,0.3116334
75164,0.29333,0.6,1.4,1.0,0.2853803
75165,0.35667,0.6,1.4,1.0,0.25711826
75166,0.42,0.6,1.4,1.0,0.2282758
75167,0.48333,0.6,1.4,1.0,0.197748932
75168,0.54667,0.6,1.4,1.0,0.165396576
75169,0.61,0.6,1.4,1.0,0.13111284
75170,0.67333,0.6,1.4,1.0,0.094811764
75171,0.73667,0.6,1.4,1.0,0.056421782
75172,0.8,0.6,1.4,1.0,0.015884569
75190,-0.023333,0.6,1.6,1.0,0.42526348
75191,0.04,0.6,1.6,1.0,0.39283016
75192,0.10333,0.6,1.6,1.0,0.36319806
75193,0.16667,0.6,1.6,1.0,0.33584816
75194,0.23,0.6,1.6,1.0,0.30962924
75195,0.29333,0.6,1.6,1.0,0.28286786
75196,0.35667,0.6,1.6,1.0,0.25406934
75197,0.42,0.6,1.6,1.0,0.22471592
75198,0.48333,0.6,1.6,1.0,0.193699408
75199,0.54667,0.6,1.6,1.0,0.160890456
75200,0.61,0.6,1.6,1.0,0.126192968
75201,0.67333,0.6,1.6,1.0,0.089528128
75202,0.73667,0.6,1.6,1.0,0.050828294
75203,0.8,0.6,1.6,1.0,0.010035787
75221,-0.023333,0.6,1.8,1.0,0.4239917
75222,0.04,0.6,1.8,1.0,0.39161512
75223,0.10333,0.6,1.8,1.0,0.36189704
75224,0.16667,0.6,1.8,1.0,0.33423346
75225,0.23,0.6,1.8,1.0,0.30755178
75226,0.29333,0.6,1.8,1.0,0.2802745
75227,0.35667,0.6,1.8,1.0,0.25093814
75228,0.42,0.6,1.8,1.0,0.22107554
75229,0.48333,0.6,1.8,1.0,0.189570698
75230,0.54667,0.6,1.8,1.0,0.156303046
75231,0.61,0.6,1.8,1.0,0.121184284
75232,0.67333,0.6,1.8,1.0,0.084141958
75233,0.73667,0.6,1.8,1.0,0.045112724
75234,0.8,0.6,1.8,1.0,0.004040731
75252,-0.023333,0.6,2.0,1.0,0.42286458
75253,0.04,0.6,2.0,1.0,0.39047766
75254,0.10333,0.6,2.0,1.0,0.36060814
75255,0.16667,0.6,2.0,1.0,0.33259234
75256,0.23,0.6,2.0,1.0,0.30543492
75257,0.29333,0.6,2.0,1.0,0.2776386
75258,0.35667,0.6,2.0,1.0,0.24776566
75259,0.42,0.6,2.0,1.0,0.2173973
75260,0.48333,0.6,2.0,1.0,0.185407304
75261,0.54667,0.6,2.0,1.0,0.151681562
75262,0.61,0.6,2.0,1.0,0.116137916
75263,0.67333,0.6,2.0,1.0,0.078709294
75264,0.73667,0.6,2.0,1.0,0.03933653
75265,0.8,0.6,2.0,1.0,-0.002033794
75500,-0.023333,0.6,1.4,1.1,0.392326216
75501,0.04,0.6,1.4,1.1,0.36395622
75502,0.10333,0.6,1.4,1.1,0.338391578
75503,0.16667,0.6,1.4,1.1,0.315080531
75504,0.23,0.6,1.4,1.1,0.292597961
75505,0.29333,0.6,1.4,1.1,0.269408815
75506,0.35667,0.6,1.4,1.1,0.244299354
75507,0.42,0.6,1.4,1.1,0.218621135
75508,0.48333,0.6,1.4,1.1,0.191431786
75509,0.54667,0.6,1.4,1.1,0.162629649
75510,0.61,0.6,1.4,1.1,0.132140455
75511,0.67333,0.6,1.4,1.1,0.099905822
75512,0.73667,0.6,1.4,1.1,0.065877889
75513,0.8,0.6,1.4,1.1,0.030017167
75531,-0.023333,0.6,1.6,1.1,0.391037807
75532,0.04,0.6,1.6,1.1,0.362792815
75533,0.10333,0.6,1.6,1.1,0.337232067
75534,0.16667,0.6,1.6,1.1,0.313691274
75535,0.23,0.6,1.6,1.1,0.290840269
75536,0.29333,0.6,1.6,1.1,0.267229251
75537,0.35667,0.6,1.6,1.1,0.241662652
75538,0.42,0.6,1.6,1.1,0.215539962
75539,0.48333,0.6,1.6,1.1,0.187918105
75540,0.54667,0.6,1.6,1.1,0.158706199
75541,0.61,0.6,1.6,1.1,0.127838194
75542,0.67333,0.6,1.6,1.1,0.095261721
75543,0.73667,0.6,1.6,1.1,0.060932706
75544,0.8,0.6,1.6,1.1,0.024813303
75562,-0.023333,0.6,1.8,1.1,0.38988736
75563,0.04,0.6,1.8,1.1,0.361703198
75564,0.10333,0.6,1.8,1.1,0.336077088
75565,0.16667,0.6,1.8,1.1,0.312262636
75566,0.23,0.6,1.8,1.1,0.289023067
75567,0.29333,0.6,1.8,1.1,0.264981069
75568,0.35667,0.6,1.8,1.1,0.238955395
75569,0.42,0.6,1.8,1.1,0.212389411
75570,0.48333,0.6,1.8,1.1,0.184336086
75571,0.54667,0.6,1.8,1.1,0.154713036
75572,0.61,0.6,1.8,1.1,0.123460999
75573,0.67333,0.6,1.8,1.1,0.090532898
75574,0.73667,0.6,1.8,1.1,0.055888471
75575,0.8,0.6,1.8,1.1,0.019492085
75593,-0.023333,0.6,2.0,1.1,0.388866075
75594,0.04,0.6,2.0,1.1,0.360686137
75595,0.10333,0.6,2.0,1.1,0.334937729
75596,0.16667,0.6,2.0,1.1,0.310816729
75597,0.23,0.6,2.0,1.1,0.287175109
75598,0.29333,0.6,2.0,1.1,0.262697379
75599,0.35667,0.6,2.0,1.1,0.23621329
75600,0.42,0.6,2.0,1.1,0.209207159
75601,0.48333,0.6,2.0,1.1,0.180725475
75602,0.54667,0.6,2.0,1.1,0.15069258
75603,0.61,0.6,2.0,1.1,0.119054727
75604,0.67333,0.6,2.0,1.1,0.08576938
75605,0.73667,0.6,2.0,1.1,0.050799824
75606,0.8,0.6,2.0,1.1,0.014112857
